specimen_id,source_crs,longitude,latitude,mada_geom_point,sampled_layers,nodata_layers,is_categorical_encoded,specimen_name,env_71_alt_Altitude (meters),env_72_slo_Slope (degrees),env_73_asp_Aspect; clockwise from North (degrees),"env_74_solrad_Solar radiation; computed from altitude, slope and aspect (Wh.m-2.day-1)","env_75_geo_Rock types (categ_vals: 1, 2, 4, 5, 6, 7, 9, 10, 11, 12, 13)","env_76_soi_Soil types (categ_vals: 1, 2, 3, 4, 5, 6, 7, 8, 9, 10, 11, 12, 13, 14, 15, 16, 17, 18, 19, 20, 21, 22, 23)","env_77_veg_Vegetation types (categ_vals: 1, 2, 3, 4, 5, 6, 7, 9, 10, 11, 12, 13, 14, 15, 16, 18, 19, 22, 23, 25)","env_78_wat_Watersheds (categ_vals: 1, 2, 3, 4, 5, 6, 7, 8, 9, 10, 11, 12, 13, 14, 15, 16, 17, 18, 19, 20, 21, 22, 23, 24, 25)",env_79_forcov_Percentage of forest cover in 1 km by 1 km grid cells (%)
abbayesii_0,4326,46.45,-24.36666,POINT (647070.6204618097 7304410.220689219),9,0,False,Coffea_abbayesii,408.0,1.0,307.0,7430.0,10.0,6.0,7.0,6.0,0.0
abbayesii_1,4326,46.83,-24.73,POINT (685086.8720605411 7263711.610572983),9,0,False,Coffea_abbayesii,820.0,20.0,56.0,7630.0,10.0,9.0,14.0,5.0,100.0
abbayesii_2,4326,46.8333,-24.7333,POINT (685415.815086571 7263341.630764661),9,0,False,Coffea_abbayesii,820.0,20.0,56.0,7630.0,10.0,9.0,14.0,5.0,100.0
abbayesii_3,4326,46.83333,-24.66667,POINT (685517.5605412831 7270721.614432366),9,0,False,Coffea_abbayesii,123.0,14.0,48.0,7595.0,10.0,10.0,7.0,5.0,0.0
abbayesii_4,4326,46.833333,-24.733333,POINT (685419.1044266553 7263337.930920706),9,0,False,Coffea_abbayesii,820.0,20.0,56.0,7630.0,10.0,9.0,14.0,5.0,100.0
abbayesii_5,4326,46.85,-24.8,POINT (687005.230680173 7255931.021614572),9,0,False,Coffea_abbayesii,49.0,1.0,240.0,7212.0,10.0,10.0,7.0,5.0,0.0
abbayesii_6,4326,46.863333,-24.760833,POINT (688412.4477942145 7260250.968656886),9,0,False,Coffea_abbayesii,350.0,14.0,167.0,6475.0,10.0,9.0,14.0,5.0,100.0
abbayesii_7,4326,46.962222,-24.836667,POINT (698293.4731815766 7251711.088876668),9,0,False,Coffea_abbayesii,338.0,19.0,282.0,7315.0,10.0,9.0,14.0,5.0,99.0
abbayesii_8,4326,47.136111,-24.842778,POINT (715860.4092442521 7250769.964015225),9,1,False,Coffea_abbayesii,5.0,3.0,311.0,7362.0,,21.0,7.0,5.0,18.0
abbayesii_9,4326,47.136667,-24.835833,POINT (715928.6693715989 7251538.425058084),9,0,False,Coffea_abbayesii,5.0,3.0,120.0,7187.0,2.0,21.0,7.0,5.0,7.0
abbayesii_10,4326,47.1401,-24.835216,POINT (716276.781554349 7251601.331429132),9,5,False,Coffea_abbayesii,14.0,,,,,,15.0,5.0,48.0
abbayesii_11,4326,47.166111,-24.796389,POINT (718974.5237810896 7255860.966205925),9,0,False,Coffea_abbayesii,0.0,0.0,246.0,7250.0,2.0,21.0,6.0,5.0,18.0
abbayesii_12,4326,47.863889,-21.3825,POINT (796967.0982798996 7632811.5735395495),9,0,False,Coffea_abbayesii,201.0,15.0,48.0,7777.0,10.0,11.0,16.0,3.0,0.0
abbayesii_13,4326,47.866667,-21.383333,POINT (797253.6520891015 7632714.03380194),9,0,False,Coffea_abbayesii,78.0,6.0,11.0,7706.0,10.0,11.0,16.0,3.0,0.0
abbayesii_14,4326,47.867861,-21.377889,POINT (797388.5523752098 7633314.85921484),9,0,False,Coffea_abbayesii,92.0,13.0,173.0,6717.0,10.0,11.0,16.0,3.0,16.0
andrambovatensis_35,4326,47.75,-21.516667,POINT (784889.6338244496 7618160.762740698),9,0,False,Coffea_andrambovatensis,391.0,10.0,191.0,7580.0,10.0,11.0,16.0,3.0,0.0
andrambovatensis_36,4326,47.758333,-21.525,POINT (785737.0767059072 7617222.442619566),9,0,False,Coffea_andrambovatensis,296.0,7.0,267.0,7456.0,10.0,11.0,16.0,3.0,0.0
andrambovatensis_37,4326,47.866667,-21.383333,POINT (797253.6520891015 7632714.03380194),9,0,False,Coffea_andrambovatensis,78.0,6.0,11.0,7706.0,10.0,11.0,16.0,3.0,0.0
arenesiana_60,4326,47.5331,-18.939287,POINT (766774.1131943119 7903975.383623635),9,0,False,Coffea_arenesiana,1252.0,1.0,289.0,7911.0,1.0,10.0,4.0,20.0,0.0
arenesiana_61,4326,47.928889,-18.919722,POINT (808519.6229292486 7905496.676447506),9,0,False,Coffea_arenesiana,1174.0,8.0,338.0,7929.0,10.0,9.0,14.0,15.0,33.0
arenesiana_62,4326,48.033333,-18.883333,POINT (819598.6437374875 7909341.577006979),9,0,False,Coffea_arenesiana,875.0,1.0,148.0,7785.0,1.0,12.0,6.0,15.0,0.0
arenesiana_63,4326,48.216667,-19.177222,POINT (838334.1604373527 7876441.048947236),9,0,False,Coffea_arenesiana,1025.0,3.0,189.0,7711.0,10.0,9.0,14.0,2.0,62.0
arenesiana_64,4326,48.228611,-19.177222,POINT (839591.4978414372 7876417.793199601),9,0,False,Coffea_arenesiana,1011.0,4.0,139.0,7753.0,10.0,9.0,14.0,2.0,27.0
arenesiana_65,4326,48.254139,-19.120401,POINT (842396.2634442383 7882663.036728507),9,0,False,Coffea_arenesiana,971.0,2.0,202.0,7838.0,10.0,9.0,16.0,2.0,0.0
arenesiana_66,4326,48.275,-18.95,POINT (844945.4580991727 7901500.991120957),9,0,False,Coffea_arenesiana,955.0,6.0,240.0,7515.0,10.0,9.0,16.0,2.0,5.0
bertrandii_90,4326,46.486576,-24.820319,POINT (650238.3690614552 7254129.565000778),9,0,False,Coffea_bertrandii,91.0,2.0,115.0,7232.0,10.0,6.0,12.0,6.0,100.0
bertrandii_91,4326,46.63333,-25.01666,POINT (664811.0648534158 7232213.926725963),9,0,False,Coffea_bertrandii,114.0,4.0,353.0,7301.0,10.0,6.0,7.0,5.0,84.0
bertrandii_92,4326,46.639722,-25.023333,POINT (665447.2146653433 7231467.0431410335),9,0,False,Coffea_bertrandii,126.0,3.0,316.0,7346.0,10.0,6.0,7.0,5.0,79.0
bertrandii_93,4326,46.66666,-25.03333,POINT (668152.1082198943 7230326.594352566),9,0,False,Coffea_bertrandii,72.0,9.0,189.0,6765.0,10.0,9.0,7.0,5.0,20.0
bertrandii_94,4326,46.674722,-25.122222,POINT (668843.6342847437 7220470.852634992),9,0,False,Coffea_bertrandii,110.0,15.0,119.0,6517.0,10.0,15.0,7.0,5.0,88.0
bertrandii_95,4326,46.68333,-25.06667,POINT (669788.333901034 7226613.03440059),9,0,False,Coffea_bertrandii,51.0,7.0,9.0,7562.0,10.0,10.0,7.0,5.0,29.0
bertrandii_96,4326,46.683333,-25.066667,POINT (669788.640688142 7226613.362913565),9,0,False,Coffea_bertrandii,51.0,7.0,9.0,7562.0,10.0,10.0,7.0,5.0,29.0
bertrandii_97,4326,46.75833,-25.15,POINT (677234.4440133531 7217286.77883262),9,0,False,Coffea_bertrandii,32.0,5.0,284.0,7298.0,1.0,21.0,4.0,5.0,3.0
bertrandii_98,4326,47.866667,-21.383333,POINT (797253.6520891015 7632714.03380194),9,0,False,Coffea_bertrandii,78.0,6.0,11.0,7706.0,10.0,11.0,16.0,3.0,0.0
dubardii_974,4326,44.732222,-16.931667,POINT (471486.44712923677 8127984.871431336),9,0,False,Coffea_dubardii,98.0,4.0,52.0,7811.0,9.0,18.0,5.0,8.0,49.0
dubardii_975,4326,44.749166,-16.958611,POINT (473294.49236259685 8125006.5619353615),9,0,False,Coffea_dubardii,199.0,5.0,141.0,7620.0,9.0,18.0,5.0,8.0,71.0
dubardii_976,4326,44.749167,-16.958611,POINT (473294.59883002134 8125006.562071315),9,0,False,Coffea_dubardii,199.0,5.0,141.0,7620.0,9.0,18.0,5.0,8.0,71.0
dubardii_977,4326,47.233333,-15.066667,POINT (740078.3644282935 8333083.596531117),9,0,False,Coffea_dubardii,49.0,5.0,227.0,7632.0,5.0,20.0,5.0,9.0,62.0
dubardii_978,4326,47.266667,-15.016667,POINT (743720.1593233433 8338580.996401502),9,0,False,Coffea_dubardii,7.0,2.0,135.0,7768.0,5.0,20.0,3.0,9.0,72.0
dubardii_979,4326,47.863889,-21.3825,POINT (796967.0982798996 7632811.5735395495),9,0,False,Coffea_dubardii,201.0,15.0,48.0,7777.0,10.0,11.0,16.0,3.0,0.0
dubardii_980,4326,47.863972,-21.382389,POINT (796975.9344399704 7632823.713043112),9,0,False,Coffea_dubardii,201.0,15.0,48.0,7777.0,10.0,11.0,16.0,3.0,0.0
dubardii_981,4326,47.8675,-21.375833,POINT (797355.2531098193 7633543.307278467),9,0,False,Coffea_dubardii,92.0,13.0,173.0,6717.0,10.0,11.0,16.0,3.0,16.0
dubardii_982,4326,49.055556,-12.922222,POINT (940259.7556518493 8567976.697977759),9,0,False,Coffea_dubardii,50.0,1.0,204.0,7830.0,7.0,22.0,7.0,13.0,17.0
dubardii_983,4326,49.066667,-12.85,POINT (941594.6956003106 8575962.476910887),9,0,False,Coffea_dubardii,78.0,6.0,193.0,7763.0,9.0,8.0,7.0,12.0,17.0
dubardii_984,4326,49.072222,-12.9325,POINT (942053.5831398848 8566808.703762723),9,0,False,Coffea_dubardii,127.0,7.0,161.0,7603.0,7.0,22.0,2.0,13.0,10.0
dubardii_985,4326,49.08333,-12.5,POINT (944014.5765139057 8614727.573604858),9,0,False,Coffea_dubardii,378.0,4.0,352.0,8040.0,9.0,18.0,7.0,12.0,0.0
dubardii_986,4326,49.083333,-12.9,POINT (943319.0546159232 8570391.744125314),9,0,False,Coffea_dubardii,165.0,28.0,358.0,7892.0,7.0,22.0,5.0,13.0,12.0
dubardii_987,4326,49.1,-12.9,POINT (945131.3540197855 8570362.800563525),9,0,False,Coffea_dubardii,142.0,4.0,142.0,7785.0,7.0,22.0,2.0,13.0,8.0
dubardii_988,4326,49.105,-12.846388,POINT (945770.0611607116 8576296.608845381),9,0,False,Coffea_dubardii,142.0,2.0,206.0,7872.0,9.0,8.0,7.0,12.0,13.0
dubardii_989,4326,49.105,-12.84639,POINT (945770.0576231861 8576296.387159621),9,0,False,Coffea_dubardii,142.0,2.0,206.0,7872.0,9.0,8.0,7.0,12.0,13.0
dubardii_990,4326,49.105,-12.8464,POINT (945770.0399355507 8576295.27873082),9,0,False,Coffea_dubardii,142.0,2.0,206.0,7872.0,9.0,8.0,7.0,12.0,13.0
dubardii_991,4326,49.10666,-12.91638,POINT (945826.4226579209 8568535.587778185),9,0,False,Coffea_dubardii,117.0,2.0,297.0,7900.0,7.0,22.0,5.0,13.0,56.0
dubardii_992,4326,49.106667,-12.916389,POINT (945827.1677606131 8568534.577972405),9,0,False,Coffea_dubardii,117.0,2.0,297.0,7900.0,7.0,22.0,5.0,13.0,56.0
dubardii_993,4326,49.10667,-12.91639,POINT (945827.4921730957 8568534.461893847),9,0,False,Coffea_dubardii,117.0,2.0,297.0,7900.0,7.0,22.0,5.0,13.0,56.0
dubardii_994,4326,49.106944,-12.91,POINT (945868.6499564289 8569242.273042245),9,0,False,Coffea_dubardii,140.0,8.0,353.0,7927.0,7.0,22.0,5.0,13.0,21.0
dubardii_995,4326,49.10972,-12.90888,POINT (946172.4869802331 8569361.573989293),9,0,False,Coffea_dubardii,136.0,5.0,287.0,7919.0,7.0,22.0,5.0,13.0,44.0
dubardii_996,4326,49.11167,-12.91167,POINT (946379.5516790575 8569048.914896607),9,0,False,Coffea_dubardii,136.0,5.0,287.0,7919.0,7.0,22.0,5.0,13.0,44.0
dubardii_997,4326,49.116667,-12.933333,POINT (946884.2424216217 8566638.953871787),9,0,False,Coffea_dubardii,123.0,8.0,11.0,8046.0,7.0,22.0,5.0,13.0,38.0
dubardii_998,4326,49.11667,-12.93333,POINT (946884.5739514839 8566639.28115146),9,0,False,Coffea_dubardii,123.0,8.0,11.0,8046.0,7.0,22.0,5.0,13.0,38.0
dubardii_999,4326,49.13,-12.57,POINT (948975.7790334914 8606889.449001227),9,0,False,Coffea_dubardii,1034.0,10.0,280.0,8078.0,9.0,18.0,14.0,12.0,100.0
dubardii_1000,4326,49.133333,-12.566667,POINT (949344.4955407982 8607253.191135047),9,0,False,Coffea_dubardii,1129.0,7.0,267.0,8105.0,9.0,18.0,14.0,12.0,100.0
dubardii_1001,4326,49.133333,-12.75,POINT (949022.6700174895 8586931.514680384),9,0,False,Coffea_dubardii,526.0,3.0,163.0,7934.0,9.0,18.0,7.0,12.0,75.0
dubardii_1002,4326,49.16667,-12.95,POINT (952290.7947331636 8564703.283373158),9,0,False,Coffea_dubardii,170.0,4.0,340.0,7887.0,7.0,6.0,5.0,13.0,2.0
dubardii_1003,4326,49.1725,-12.487778,POINT (953747.6522378414 8615930.676070265),9,0,False,Coffea_dubardii,751.0,14.0,262.0,7917.0,9.0,8.0,14.0,12.0,100.0
dubardii_1004,4326,49.1725,-12.48778,POINT (953747.6487404744 8615930.454370154),9,0,False,Coffea_dubardii,751.0,14.0,262.0,7917.0,9.0,8.0,14.0,12.0,100.0
dubardii_1005,4326,49.174722,-12.482778,POINT (953998.425574085 8616481.108686537),9,0,False,Coffea_dubardii,735.0,17.0,84.0,7848.0,9.0,8.0,14.0,12.0,100.0
dubardii_1006,4326,49.213056,-12.479722,POINT (958179.453843839 8616753.698071461),9,0,False,Coffea_dubardii,582.0,6.0,12.0,8169.0,9.0,8.0,7.0,1.0,34.0
dubardii_1007,4326,49.218333,-12.578889,POINT (958578.37993952 8605751.270235546),9,0,False,Coffea_dubardii,865.0,8.0,199.0,7779.0,9.0,8.0,14.0,1.0,68.0
dubardii_1008,4326,49.23333,-12.86666,POINT (959691.3428320987 8573823.036354238),9,0,False,Coffea_dubardii,365.0,11.0,214.0,7635.0,7.0,6.0,5.0,13.0,46.0
dubardii_1009,4326,49.256111,-12.459167,POINT (962906.2334836399 8618957.397500725),9,0,False,Coffea_dubardii,431.0,6.0,303.0,8063.0,9.0,8.0,7.0,1.0,1.0
dubardii_1010,4326,49.258333,-12.825,POINT (962487.3698030709 8578396.608831558),9,0,False,Coffea_dubardii,320.0,1.0,301.0,7969.0,9.0,8.0,5.0,1.0,54.0
dubardii_1011,4326,49.33333,-12.38333,POINT (971456.3443710594 8627229.204377742),9,0,False,Coffea_dubardii,330.0,30.0,244.0,6991.0,6.0,20.0,7.0,1.0,33.0
dubardii_1012,4326,49.7,-13.18,POINT (1009820.5473967544 8538182.939559158),9,0,False,Coffea_dubardii,171.0,8.0,36.0,7888.0,10.0,9.0,6.0,1.0,24.0
dubardii_1013,4326,49.766667,-13.2,POINT (1017024.8349066628 8535827.446843999),9,0,False,Coffea_dubardii,69.0,3.0,22.0,7901.0,10.0,7.0,7.0,1.0,0.0
dubardii_1014,4326,49.985833,-13.613056,POINT (1039922.9102694271 8489527.728152186),9,0,False,Coffea_dubardii,187.0,11.0,275.0,7838.0,9.0,6.0,5.0,1.0,79.0
farafanganensis_1238,4326,47.641667,-23.141667,POINT (770505.4135884279 7438345.657786958),9,0,False,Coffea_farafanganensis,9.0,2.0,228.0,7359.0,9.0,19.0,7.0,4.0,0.0
farafanganensis_1239,4326,47.7,-23.0,POINT (776771.7723534377 7453930.881346926),9,0,False,Coffea_farafanganensis,26.0,1.0,27.0,7450.0,10.0,7.0,14.0,4.0,28.0
farafanganensis_1240,4326,47.863889,-21.3825,POINT (796967.0982798996 7632811.5735395495),9,0,False,Coffea_farafanganensis,201.0,15.0,48.0,7777.0,10.0,11.0,16.0,3.0,0.0
farafanganensis_1241,4326,47.863972,-21.382389,POINT (796975.9344399704 7632823.713043112),9,0,False,Coffea_farafanganensis,201.0,15.0,48.0,7777.0,10.0,11.0,16.0,3.0,0.0
farafanganensis_1242,4326,47.866667,-21.383333,POINT (797253.6520891015 7632714.03380194),9,0,False,Coffea_farafanganensis,78.0,6.0,11.0,7706.0,10.0,11.0,16.0,3.0,0.0
heimii_1305,4326,46.70611,-19.37333,POINT (679184.430308989 7856978.415031726),9,0,False,Coffea_heimii,1285.0,2.0,46.0,7917.0,10.0,12.0,6.0,19.0,0.0
heimii_1306,4326,47.863889,-21.3825,POINT (796967.0982798996 7632811.5735395495),9,0,False,Coffea_heimii,201.0,15.0,48.0,7777.0,10.0,11.0,16.0,3.0,0.0
heimii_1307,4326,47.866667,-21.383333,POINT (797253.6520891015 7632714.03380194),9,0,False,Coffea_heimii,78.0,6.0,11.0,7706.0,10.0,11.0,16.0,3.0,0.0
heimii_1308,4326,49.202966,-12.221671,POINT (957530.000239063 8645377.025161961),9,0,False,Coffea_heimii,82.0,8.0,100.0,7834.0,6.0,23.0,6.0,12.0,3.0
heimii_1309,4326,49.226443,-12.281807,POINT (959985.3753017825 8638670.640734412),9,8,False,Coffea_heimii,,,,,,,25.0,,
heimii_1310,4326,49.263119,-12.279828,POINT (963987.2160799548 8638826.905155072),9,8,False,Coffea_heimii,,,,,,,25.0,,
heimii_1311,4326,49.2757,-12.398991,POINT (965147.7496670873 8625594.36152296),9,0,False,Coffea_heimii,184.0,3.0,313.0,7969.0,9.0,8.0,7.0,1.0,3.0
heimii_1312,4326,49.303872,-12.318289,POINT (968361.9252714938 8634492.083777336),9,0,False,Coffea_heimii,71.0,6.0,85.0,7863.0,7.0,4.0,6.0,1.0,0.0
heimii_1313,4326,49.306528,-12.355424,POINT (968585.2150284352 8630370.385262387),9,0,False,Coffea_heimii,44.0,6.0,241.0,7877.0,7.0,23.0,7.0,1.0,0.0
heimii_1314,4326,49.319958,-12.231176,POINT (970270.6064264355 8644121.97451932),9,8,False,Coffea_heimii,,,,,,,25.0,,
heimii_1315,4326,49.3425,-12.396327,POINT (972432.2872414208 8625771.941739332),9,0,False,Coffea_heimii,141.0,7.0,246.0,7788.0,7.0,20.0,7.0,1.0,4.0
heimii_1316,4326,49.347115,-12.210881,POINT (973268.3172334379 8646324.57726909),9,8,False,Coffea_heimii,,,,,,,25.0,,
heimii_1317,4326,49.35305,-12.37361,POINT (973623.1924143073 8628271.887355782),9,0,False,Coffea_heimii,250.0,14.0,331.0,8092.0,6.0,20.0,5.0,1.0,47.0
heimii_1318,4326,49.387585,-12.322474,POINT (977480.4254891395 8633880.097304637),9,0,False,Coffea_heimii,14.0,2.0,294.0,7863.0,2.0,16.0,5.0,1.0,3.0
heimii_1319,4326,49.398762,-12.38876,POINT (978577.9713838883 8626510.356607465),9,0,False,Coffea_heimii,82.0,10.0,57.0,7971.0,6.0,23.0,7.0,1.0,12.0
heimii_1320,4326,49.43333,-12.56666,POINT (982015.30182686 8606721.54578902),9,0,False,Coffea_heimii,150.0,8.0,253.0,7786.0,6.0,17.0,5.0,1.0,56.0
heimii_1321,4326,49.433333,-12.566667,POINT (982015.6155031192 8606720.764081914),9,0,False,Coffea_heimii,150.0,8.0,253.0,7786.0,6.0,17.0,5.0,1.0,56.0
heimii_1322,4326,49.435269,-12.278797,POINT (982759.134614432 8638637.598548036),9,8,False,Coffea_heimii,,,,,,,25.0,,
heimii_1323,4326,49.442777,-12.593611,POINT (982993.7318721606 8603715.672081811),9,0,False,Coffea_heimii,208.0,2.0,339.0,7990.0,6.0,17.0,5.0,1.0,62.0
heimii_1324,4326,49.45611,-12.58472,POINT (984462.6304257289 8604676.940310588),9,0,False,Coffea_heimii,251.0,3.0,268.0,7940.0,6.0,17.0,6.0,1.0,21.0
heimii_1325,4326,49.549809,-12.580463,POINT (994676.992488631 8604973.911008792),9,0,False,Coffea_heimii,4.0,1.0,250.0,7880.0,2.0,4.0,3.0,1.0,64.0
heimii_1326,4326,49.569592,-12.454103,POINT (997074.80834441 8618950.269213684),9,7,False,Coffea_heimii,,,,,,4.0,25.0,,
heimii_1327,4326,49.583333,-12.970278,POINT (997562.5370361647 8561677.38843384),9,0,False,Coffea_heimii,95.0,9.0,201.0,7586.0,10.0,10.0,6.0,1.0,6.0
homollei_1332,4326,47.863889,-21.3825,POINT (796967.0982798996 7632811.5735395495),9,0,False,Coffea_homollei,201.0,15.0,48.0,7777.0,10.0,11.0,16.0,3.0,0.0
homollei_1333,4326,47.866667,-21.383333,POINT (797253.6520891015 7632714.03380194),9,0,False,Coffea_homollei,78.0,6.0,11.0,7706.0,10.0,11.0,16.0,3.0,0.0
homollei_1334,4326,48.581389,-19.163056,POINT (876765.9288461851 7877261.7272780575),9,0,False,Coffea_homollei,635.0,6.0,56.0,7812.0,10.0,11.0,14.0,2.0,56.0
homollei_1335,4326,48.73111,-17.50388,POINT (896305.8727403859 8060816.864561284),9,0,False,Coffea_homollei,1090.0,14.0,214.0,7244.0,10.0,9.0,14.0,2.0,100.0
homollei_1336,4326,48.731111,-17.503889,POINT (896305.9595171411 8060815.865057763),9,0,False,Coffea_homollei,1090.0,14.0,214.0,7244.0,10.0,9.0,14.0,2.0,100.0
homollei_1337,4326,49.2,-17.916667,POINT (945156.8388425774 8014008.34170037),9,0,False,Coffea_homollei,461.0,13.0,219.0,7501.0,10.0,6.0,14.0,2.0,77.0
homollei_1338,4326,49.203333,-17.931667,POINT (945473.0007453524 8012337.167431456),9,0,False,Coffea_homollei,321.0,9.0,156.0,7510.0,10.0,11.0,16.0,2.0,13.0
homollei_1339,4326,49.26694,-16.8625,POINT (954868.9346624928 8130736.095816407),9,0,False,Coffea_homollei,518.0,3.0,258.0,7855.0,10.0,11.0,14.0,2.0,87.0
homollei_1340,4326,49.266944,-16.8625,POINT (954869.3617356443 8130736.086573137),9,0,False,Coffea_homollei,518.0,3.0,258.0,7855.0,10.0,11.0,14.0,2.0,87.0
humbertii_1342,4326,43.610638,-23.078725,POINT (357689.0386163351 7447088.901125943),9,1,False,Coffea_humbertii,28.0,2.0,259.0,7354.0,,15.0,11.0,6.0,98.0
humbertii_1343,4326,43.625805,-23.250722,POINT (359422.5018781469 7428059.36902496),9,1,False,Coffea_humbertii,6.0,1.0,341.0,7370.0,,3.0,6.0,6.0,9.0
humbertii_1344,4326,43.625806,-23.250722,POINT (359422.60418981465 7428059.369993826),9,1,False,Coffea_humbertii,6.0,1.0,341.0,7370.0,,3.0,6.0,6.0,9.0
humbertii_1345,4326,43.665555,-23.066388,POINT (363302.385971233 7448507.303666316),9,0,False,Coffea_humbertii,113.0,0.0,210.0,7380.0,2.0,15.0,11.0,6.0,100.0
humbertii_1346,4326,43.714444,-23.002222,POINT (368248.68293934595 7455656.6169750225),9,0,False,Coffea_humbertii,135.0,1.0,184.0,7371.0,5.0,15.0,7.0,6.0,30.0
humbertii_1347,4326,43.784722,-23.451389,POINT (375868.02428078617 7405986.2089773435),9,0,False,Coffea_humbertii,157.0,16.0,271.0,7255.0,5.0,15.0,12.0,6.0,62.0
humbertii_1348,4326,43.7975,-22.875,POINT (376646.4194813568 7469814.360957881),9,0,False,Coffea_humbertii,477.0,11.0,346.0,7929.0,5.0,15.0,12.0,6.0,68.0
humbertii_1349,4326,43.916667,-23.2,POINT (389138.0336376754 7433927.100324966),9,0,False,Coffea_humbertii,306.0,2.0,173.0,7442.0,5.0,15.0,12.0,6.0,42.0
humbertii_1350,4326,43.98333,-23.26667,POINT (396012.12167647696 7426594.985614448),9,0,False,Coffea_humbertii,264.0,1.0,234.0,7399.0,5.0,15.0,7.0,6.0,0.0
humbertii_1351,4326,43.983333,-23.266667,POINT (396012.4262189438 7426595.319912165),9,0,False,Coffea_humbertii,264.0,1.0,234.0,7399.0,5.0,15.0,7.0,6.0,0.0
humbertii_1352,4326,43.983334,-23.266667,POINT (396012.52850920596 7426595.320629209),9,0,False,Coffea_humbertii,264.0,1.0,234.0,7399.0,5.0,15.0,7.0,6.0,0.0
humbertii_1353,4326,44.033333,-23.216667,POINT (401090.0539111288 7432165.99147231),9,0,False,Coffea_humbertii,342.0,8.0,122.0,7179.0,5.0,15.0,6.0,6.0,0.0
humbertii_1354,4326,44.0525,-23.188611,POINT (403031.11863257125 7435285.07352595),9,0,False,Coffea_humbertii,347.0,4.0,240.0,7405.0,5.0,15.0,7.0,6.0,0.0
humbertii_1355,4326,44.052778,-23.186389,POINT (403057.9699782292 7435531.262741497),9,0,False,Coffea_humbertii,347.0,4.0,240.0,7405.0,5.0,15.0,7.0,6.0,0.0
humbertii_1356,4326,44.1,-23.133333,POINT (407854.827421936 7441435.847331714),9,0,False,Coffea_humbertii,435.0,3.0,298.0,7536.0,5.0,15.0,7.0,6.0,0.0
humbertii_1357,4326,44.1366,-23.5318,POINT (411865.5851767542 7397342.999132204),9,0,False,Coffea_humbertii,94.0,5.0,354.0,7585.0,1.0,15.0,12.0,6.0,74.0
humbertii_1358,4326,44.155,-23.526389,POINT (413740.3931215149 7397953.261720221),9,0,False,Coffea_humbertii,50.0,0.0,348.0,7310.0,6.0,15.0,6.0,6.0,44.0
humbertii_1359,4326,44.28333,-23.88333,POINT (427039.8714948565 7358505.604018118),9,0,False,Coffea_humbertii,289.0,1.0,238.0,7373.0,2.0,16.0,7.0,6.0,28.0
humbertii_1360,4326,44.283333,-23.883333,POINT (427040.1786009144 7358505.273410659),9,0,False,Coffea_humbertii,289.0,1.0,238.0,7373.0,2.0,16.0,7.0,6.0,28.0
humbertii_1361,4326,44.283333,-23.883334,POINT (427040.1791616499 7358505.162692562),9,0,False,Coffea_humbertii,289.0,1.0,238.0,7373.0,2.0,16.0,7.0,6.0,28.0
humbertii_1362,4326,44.35,-23.733333,POINT (433751.31839803734 7375145.447538908),9,0,False,Coffea_humbertii,235.0,3.0,210.0,7391.0,6.0,15.0,7.0,6.0,0.0
humbertii_1363,4326,44.383333,-23.733333,POINT (437148.7444278406 7375160.563040061),9,0,False,Coffea_humbertii,272.0,1.0,338.0,7404.0,6.0,16.0,6.0,6.0,0.0
humbertii_1364,4326,44.4,-23.833333,POINT (438894.2609943177 7364096.330263505),9,0,False,Coffea_humbertii,313.0,1.0,267.0,7394.0,6.0,16.0,7.0,6.0,0.0
humbertii_1365,4326,44.58,-22.92,POINT (456932.1646449176 7465274.693208166),9,0,False,Coffea_humbertii,578.0,2.0,316.0,7581.0,6.0,16.0,6.0,6.0,0.0
humbertii_1366,4326,44.583333,-22.916667,POINT (457272.8980206097 7465644.630243062),9,0,False,Coffea_humbertii,613.0,3.0,303.0,7623.0,6.0,16.0,6.0,6.0,0.0
humbertii_1367,4326,44.632515,-23.650485,POINT (462522.27672990534 7384420.542847861),9,0,False,Coffea_humbertii,143.0,1.0,312.0,7389.0,6.0,16.0,12.0,6.0,88.0
humbertii_1368,4326,44.63333,-23.66666,POINT (462609.9935729461 7382630.013139516),9,0,False,Coffea_humbertii,138.0,0.0,350.0,7383.0,6.0,16.0,7.0,6.0,3.0
humbertii_1369,4326,44.633333,-23.666667,POINT (462610.3014820892 7382629.2389506595),9,0,False,Coffea_humbertii,138.0,0.0,350.0,7383.0,6.0,16.0,7.0,6.0,3.0
humbertii_1370,4326,44.65,-23.66666,POINT (464309.8785492703 7382634.280755769),9,0,False,Coffea_humbertii,196.0,5.0,318.0,7526.0,6.0,6.0,7.0,6.0,6.0
humbertii_1371,4326,44.68,-22.83,POINT (467164.8675717368 7475263.408898808),9,0,False,Coffea_humbertii,680.0,2.0,288.0,7571.0,6.0,16.0,22.0,6.0,100.0
humbertii_1372,4326,44.68,-22.88,POINT (467176.87430427194 7469728.463659207),9,0,False,Coffea_humbertii,822.0,3.0,228.0,7435.0,6.0,16.0,22.0,6.0,100.0
humbertii_1373,4326,44.681028,-22.878083,POINT (467281.86004469974 7469940.902690305),9,0,False,Coffea_humbertii,822.0,3.0,228.0,7435.0,6.0,16.0,22.0,6.0,100.0
humbertii_1374,4326,44.683333,-22.783333,POINT (467495.80108984094 7480430.099541153),9,0,False,Coffea_humbertii,583.0,3.0,0.0,7677.0,6.0,16.0,22.0,6.0,99.0
humbertii_1375,4326,44.690055,-22.888583,POINT (468210.24437796004 7468780.536558478),9,0,False,Coffea_humbertii,788.0,4.0,123.0,7463.0,6.0,16.0,22.0,6.0,100.0
humbertii_1376,4326,44.7,-22.7,POINT (469187.9200906744 7489658.393686548),9,0,False,Coffea_humbertii,536.0,2.0,297.0,7569.0,6.0,16.0,7.0,6.0,10.0
humbertii_1377,4326,45.1,-20.166667,POINT (510449.473191226 7770072.003606131),9,0,False,Coffea_humbertii,384.0,2.0,267.0,7629.0,6.0,17.0,7.0,19.0,100.0
humbertii_1378,4326,45.116667,-20.183333,POINT (512189.79340511357 7768226.5692138225),9,0,False,Coffea_humbertii,465.0,2.0,36.0,7726.0,6.0,16.0,5.0,19.0,71.0
humblotiana_1379,4326,43.65,-12.3,POINT (353192.30645830755 8639904.09988145),9,9,False,Coffea_humblotiana,,,,,,,,,
humblotiana_1380,4326,45.02758,-12.911156,POINT (502991.87316303834 8572689.006826142),9,9,False,Coffea_humblotiana,,,,,,,,,
humblotiana_1381,4326,45.06667,-12.71667,POINT (507237.9005636514 8594195.40968079),9,5,False,Coffea_humblotiana,483.0,13.0,232.0,7573.0,,,,,
humblotiana_1382,4326,45.07651,-12.71537,POINT (508306.2040700139 8594338.874972142),9,5,False,Coffea_humblotiana,324.0,10.0,222.0,7579.0,,,,,
humblotiana_1383,4326,45.095965,-12.869054,POINT (510412.0086486314 8577343.088121679),9,9,False,Coffea_humblotiana,,,,,,,,,
humblotiana_1384,4326,45.140836,-12.684678,POINT (515291.5127482759 8597730.004124086),9,9,False,Coffea_humblotiana,,,,,,,,,
humblotiana_1385,4326,45.14128,-12.95982,POINT (515323.070599152 8567303.389020931),9,5,False,Coffea_humblotiana,252.0,7.0,123.0,7774.0,,,,,
humblotiana_1386,4326,45.14743,-12.8206,POINT (515998.9315705537 8582698.744490081),9,5,False,Coffea_humblotiana,118.0,3.0,254.0,7882.0,,,,,
humblotiana_1387,4326,45.15794,-12.87556,POINT (517135.7415409968 8576620.300264535),9,5,False,Coffea_humblotiana,509.0,16.0,46.0,8112.0,,,,,
humblotiana_1388,4326,45.16626,-12.87102,POINT (518038.7489377636 8577121.789729126),9,5,False,Coffea_humblotiana,320.0,9.0,346.0,7944.0,,,,,
humblotiana_1389,4326,45.17279,-12.76447,POINT (518755.12103797 8588904.170693189),9,5,False,Coffea_humblotiana,320.0,9.0,317.0,8095.0,,,,,
humblotiana_1390,4326,45.1834,-12.76532,POINT (519906.6977886991 8588809.382725306),9,5,False,Coffea_humblotiana,444.0,12.0,187.0,7515.0,,,,,
humblotiana_1391,4326,47.863889,-21.3825,POINT (796967.0982798996 7632811.5735395495),9,0,False,Coffea_humblotiana,201.0,15.0,48.0,7777.0,10.0,11.0,16.0,3.0,0.0
humblotiana_1392,4326,47.866667,-21.383333,POINT (797253.6520891015 7632714.03380194),9,0,False,Coffea_humblotiana,78.0,6.0,11.0,7706.0,10.0,11.0,16.0,3.0,0.0
kianjavatensis_1469,4326,47.85,-21.383333,POINT (795524.3418211046 7632745.515120786),9,0,False,Coffea_kianjavatensis,180.0,12.0,1.0,7902.0,10.0,11.0,16.0,3.0,0.0
kianjavatensis_1470,4326,47.85861,-21.38028,POINT (796423.8404643785 7633067.485364974),9,0,False,Coffea_kianjavatensis,60.0,8.0,297.0,7501.0,10.0,11.0,16.0,3.0,0.0
kianjavatensis_1471,4326,47.866667,-21.383333,POINT (797253.6520891015 7632714.03380194),9,0,False,Coffea_kianjavatensis,78.0,6.0,11.0,7706.0,10.0,11.0,16.0,3.0,0.0
kianjavatensis_1472,4326,47.939444,-21.388333,POINT (804794.5894747821 7632020.483498944),9,0,False,Coffea_kianjavatensis,67.0,7.0,241.0,7247.0,10.0,11.0,16.0,3.0,0.0
lancifolia_1499,4326,47.866667,-21.383333,POINT (797253.6520891015 7632714.03380194),9,0,False,Coffea_lancifolia,78.0,6.0,11.0,7706.0,10.0,11.0,16.0,3.0,0.0
lancifolia_1500,4326,49.203333,-17.931666,POINT (945473.0032543314 8012337.278310062),9,0,False,Coffea_lancifolia,321.0,9.0,156.0,7510.0,10.0,11.0,16.0,2.0,13.0
lancifolia_1501,4326,49.203333,-17.931667,POINT (945473.0007453524 8012337.167431456),9,0,False,Coffea_lancifolia,321.0,9.0,156.0,7510.0,10.0,11.0,16.0,2.0,13.0
leroyi_1598,4326,44.01667,-23.25,POINT (399409.9578778764 7428464.11274676),9,0,False,Coffea_leroyi,302.0,3.0,160.0,7360.0,5.0,15.0,7.0,6.0,0.0
leroyi_1599,4326,47.65,-21.283333,POINT (774960.9518859809 7644185.396860678),9,0,False,Coffea_leroyi,461.0,7.0,228.0,7508.0,10.0,10.0,16.0,3.0,1.0
leroyi_1600,4326,47.86666,-21.38333,POINT (797252.9318571833 7632714.379403114),9,0,False,Coffea_leroyi,78.0,6.0,11.0,7706.0,10.0,11.0,16.0,3.0,0.0
leroyi_1601,4326,47.866667,-21.383333,POINT (797253.6520891015 7632714.03380194),9,0,False,Coffea_leroyi,78.0,6.0,11.0,7706.0,10.0,11.0,16.0,3.0,0.0
leroyi_1602,4326,47.867778,-21.375,POINT (797385.7839571048 7633635.06052695),9,0,False,Coffea_leroyi,92.0,13.0,173.0,6717.0,10.0,11.0,16.0,3.0,16.0
leroyi_1603,4326,48.72222,-17.54222,POINT (895277.2792882563 8056586.4163518045),9,0,False,Coffea_leroyi,1332.0,16.0,290.0,7945.0,10.0,9.0,14.0,2.0,99.0
leroyi_1604,4326,48.746667,-17.484167,POINT (898003.2319196584 8062969.055546887),9,0,False,Coffea_leroyi,992.0,4.0,16.0,8005.0,10.0,9.0,4.0,2.0,100.0
leroyi_1605,4326,48.76777,-17.50694,POINT (900197.665745068 8060400.887027009),9,0,False,Coffea_leroyi,900.0,0.0,290.0,7891.0,10.0,9.0,16.0,2.0,13.0
leroyi_1606,4326,49.28583,-14.33666,POINT (962529.4980428948 8410750.839723116),9,0,False,Coffea_leroyi,1084.0,15.0,332.0,8277.0,10.0,9.0,14.0,14.0,85.0
leroyi_1607,4326,49.301389,-14.325556,POINT (964234.3420340328 8411950.71432919),9,0,False,Coffea_leroyi,1438.0,5.0,319.0,8187.0,10.0,9.0,6.0,14.0,59.0
leroyi_1608,4326,49.31111,-14.30166,POINT (965334.6274075031 8414580.604863085),9,0,False,Coffea_leroyi,1466.0,14.0,162.0,7496.0,10.0,9.0,14.0,14.0,100.0
leroyi_1609,4326,49.40333,-14.61111,POINT (974646.2146055878 8380078.736227233),9,0,False,Coffea_leroyi,1545.0,23.0,48.0,8194.0,10.0,9.0,16.0,2.0,96.0
leroyi_1610,4326,49.68888,-14.58777,POINT (1005538.5348323456 8382049.198373106),9,0,False,Coffea_leroyi,994.0,22.0,319.0,8176.0,10.0,9.0,14.0,2.0,95.0
leroyi_1611,4326,49.68889,-14.58778,POINT (1005539.5922004149 8382048.066788543),9,0,False,Coffea_leroyi,994.0,22.0,319.0,8176.0,10.0,9.0,14.0,2.0,95.0
millotii_2668,4326,47.0,-23.0,POINT (704992.1724866081 7455081.895663038),9,0,False,Coffea_millotii,544.0,5.0,201.0,7607.0,10.0,10.0,7.0,17.0,0.0
millotii_2669,4326,47.863889,-21.3825,POINT (796967.0982798996 7632811.5735395495),9,0,False,Coffea_millotii,201.0,15.0,48.0,7777.0,10.0,11.0,16.0,3.0,0.0
millotii_2670,4326,47.866667,-21.383333,POINT (797253.6520891015 7632714.03380194),9,0,False,Coffea_millotii,78.0,6.0,11.0,7706.0,10.0,11.0,16.0,3.0,0.0
millotii_2671,4326,47.867222,-21.376389,POINT (797325.2827298145 7633482.240114497),9,0,False,Coffea_millotii,92.0,13.0,173.0,6717.0,10.0,11.0,16.0,3.0,16.0
millotii_2672,4326,47.8675,-21.375833,POINT (797355.2531098193 7633543.307278467),9,0,False,Coffea_millotii,92.0,13.0,173.0,6717.0,10.0,11.0,16.0,3.0,16.0
millotii_2673,4326,47.868333,-21.375278,POINT (797442.8100690977 7633603.212064785),9,0,False,Coffea_millotii,92.0,13.0,173.0,6717.0,10.0,11.0,16.0,3.0,16.0
millotii_2674,4326,47.870278,-21.376944,POINT (797641.2562474278 7633414.965102602),9,0,False,Coffea_millotii,92.0,13.0,173.0,6717.0,10.0,11.0,16.0,3.0,16.0
millotii_2675,4326,47.941111,-21.402778,POINT (804937.5607366718 7630416.943896845),9,0,False,Coffea_millotii,211.0,18.0,347.0,8061.0,10.0,11.0,16.0,3.0,18.0
millotii_2676,4326,47.9425,-21.406944,POINT (805073.0091272548 7629952.707314572),9,0,False,Coffea_millotii,465.0,28.0,157.0,6070.0,10.0,11.0,4.0,3.0,47.0
millotii_2677,4326,48.292499,-18.866111,POINT (846963.4481209577 7910760.859848028),9,0,False,Coffea_millotii,1023.0,7.0,179.0,7592.0,10.0,9.0,14.0,2.0,60.0
millotii_2678,4326,48.2925,-18.86611,POINT (846963.5556543547 7910760.968677763),9,0,False,Coffea_millotii,1023.0,7.0,179.0,7592.0,10.0,9.0,14.0,2.0,60.0
millotii_2679,4326,48.31888,-18.86944,POINT (849739.0276151416 7910340.056757211),9,0,False,Coffea_millotii,1009.0,4.0,276.0,7805.0,11.0,7.0,14.0,2.0,66.0
millotii_2680,4326,48.318888,-18.869444,POINT (849739.8630834795 7910339.597755337),9,0,False,Coffea_millotii,1009.0,4.0,276.0,7805.0,11.0,7.0,14.0,2.0,66.0
millotii_2681,4326,48.556111,-19.158611,POINT (874113.995799795 7877808.812782688),9,0,False,Coffea_millotii,640.0,18.0,106.0,7313.0,10.0,11.0,14.0,2.0,37.0
millotii_2682,4326,48.88333,-17.53333,POINT (912427.4984726268 8057228.592867632),9,0,False,Coffea_millotii,712.0,17.0,113.0,7026.0,10.0,11.0,16.0,2.0,1.0
millotii_2683,4326,48.89306,-17.53333,POINT (913462.1791879049 8057207.406689122),9,0,False,Coffea_millotii,564.0,8.0,292.0,7792.0,10.0,11.0,16.0,2.0,1.0
millotii_2684,4326,49.198056,-18.036111,POINT (944650.4678264419 8000769.263014873),9,0,False,Coffea_millotii,254.0,13.0,125.0,7332.0,10.0,11.0,4.0,2.0,0.0
millotii_2685,4326,49.20333,-17.93167,POINT (945472.6748098711 8012336.842000635),9,0,False,Coffea_millotii,321.0,9.0,156.0,7510.0,10.0,11.0,16.0,2.0,13.0
millotii_2686,4326,49.203333,-17.931667,POINT (945473.0007453524 8012337.167431456),9,0,False,Coffea_millotii,321.0,9.0,156.0,7510.0,10.0,11.0,16.0,2.0,13.0
millotii_2687,4326,49.45,-14.7,POINT (979491.6478622243 8370122.903799985),9,0,False,Coffea_millotii,1652.0,17.0,32.0,8436.0,10.0,9.0,14.0,2.0,95.0
millotii_2688,4326,49.45445,-17.704817,POINT (972728.9371479002 8036875.3977328995),9,0,False,Coffea_millotii,49.0,7.0,170.0,7377.0,10.0,10.0,4.0,2.0,67.0
millotii_2689,4326,49.550833,-13.218889,POINT (993530.3992038402 8534169.098471293),9,0,False,Coffea_millotii,839.0,18.0,339.0,7857.0,10.0,9.0,14.0,1.0,100.0
millotii_2690,4326,49.733333,-15.433333,POINT (1008329.1988536721 8288147.615367182),9,0,False,Coffea_millotii,12.0,1.0,193.0,7744.0,1.0,21.0,4.0,2.0,10.0
millotii_2691,4326,49.75,-15.48333,POINT (1009999.8215045406 8282561.460954085),9,8,False,Coffea_millotii,,,,,,,25.0,,
millotii_2692,4326,49.76666,-15.5,POINT (1011750.9490295218 8280672.255339981),9,2,False,Coffea_millotii,75.0,14.0,264.0,7639.0,,6.0,14.0,,100.0
millotii_2693,4326,49.766667,-15.5,POINT (1011751.7020515209 8280672.238558915),9,2,False,Coffea_millotii,75.0,14.0,264.0,7639.0,,6.0,14.0,,100.0
millotii_2694,4326,49.7694,-15.4944,POINT (1012059.554343913 8281286.953108297),9,2,False,Coffea_millotii,183.0,17.0,79.0,7781.0,,6.0,14.0,,100.0
millotii_2695,4326,49.786667,-16.4525,POINT (1011467.5626294343 8174949.434287034),9,0,False,Coffea_millotii,291.0,4.0,62.0,7830.0,10.0,11.0,14.0,2.0,96.0
millotii_2696,4326,49.7904,-16.474388,POINT (1011809.5522510451 8172511.551373301),9,0,False,Coffea_millotii,198.0,13.0,111.0,7457.0,10.0,11.0,14.0,2.0,84.0
millotii_2697,4326,49.861111,-14.401111,POINT (1024587.2632736877 8402367.690688357),9,0,False,Coffea_millotii,410.0,24.0,157.0,6554.0,10.0,9.0,14.0,14.0,100.0
millotii_2698,4326,49.86666,-15.41666,POINT (1022718.9453758032 8289676.918568408),9,6,False,Coffea_millotii,,,,,1.0,,25.0,2.0,
millotii_2699,4326,49.95,-15.066667,POINT (1032573.7785120704 8328309.360523048),9,0,False,Coffea_millotii,1044.0,26.0,351.0,8265.0,10.0,9.0,14.0,2.0,98.0
millotii_2700,4326,49.96666,-15.61666,POINT (1032966.8390063938 8267236.987381329),9,0,False,Coffea_millotii,22.0,6.0,129.0,7601.0,10.0,10.0,16.0,2.0,20.0
millotii_2701,4326,49.96666,-15.68333,POINT (1032793.3942422657 8259838.671954938),9,0,False,Coffea_millotii,327.0,21.0,280.0,7596.0,10.0,11.0,14.0,2.0,100.0
millotii_2702,4326,49.98194,-15.62083,POINT (1034599.2158839884 8266735.733773035),9,0,False,Coffea_millotii,306.0,16.0,329.0,8089.0,10.0,11.0,14.0,2.0,97.0
millotii_2703,4326,50.20694,-15.80555,POINT (1058293.3894898149 8245649.946468963),9,0,False,Coffea_millotii,32.0,4.0,323.0,7850.0,9.0,10.0,14.0,2.0,76.0
millotii_2704,4326,50.225,-15.6925,POINT (1060545.9073525586 8258151.101041327),9,0,False,Coffea_millotii,42.0,3.0,237.0,7691.0,10.0,11.0,16.0,2.0,51.0
millotii_2705,4326,50.25,-15.68333,POINT (1063259.6869843528 8259102.415066015),9,0,False,Coffea_millotii,52.0,5.0,183.0,7629.0,10.0,10.0,14.0,2.0,65.0
perrieri_3040,4326,44.050504,-18.043941,POINT (399505.0474384375 8004695.0450102035),9,0,False,Coffea_perrieri,43.0,1.0,213.0,7618.0,2.0,16.0,5.0,8.0,13.0
perrieri_3041,4326,44.145556,-22.707778,POINT (412245.6174909298 7488575.926597946),9,0,False,Coffea_perrieri,906.0,10.0,264.0,7553.0,9.0,18.0,22.0,6.0,100.0
perrieri_3042,4326,44.156111,-22.718056,POINT (413336.17977458896 7487444.3116107825),9,0,False,Coffea_perrieri,1026.0,4.0,147.0,7417.0,9.0,18.0,9.0,6.0,51.0
perrieri_3043,4326,44.263056,-22.845833,POINT (424389.89161773876 7473357.517090762),9,0,False,Coffea_perrieri,511.0,20.0,64.0,7633.0,9.0,18.0,7.0,6.0,19.0
perrieri_3044,4326,44.272222,-22.853611,POINT (425334.6020387369 7472501.129658243),9,0,False,Coffea_perrieri,417.0,2.0,118.0,7415.0,7.0,16.0,4.0,6.0,24.0
perrieri_3045,4326,44.287778,-22.820556,POINT (426912.9520842602 7476168.222233592),9,0,False,Coffea_perrieri,529.0,13.0,345.0,7973.0,7.0,18.0,6.0,6.0,18.0
perrieri_3046,4326,44.288056,-22.820833,POINT (426941.62881102914 7476137.694961881),9,0,False,Coffea_perrieri,529.0,13.0,345.0,7973.0,7.0,18.0,6.0,6.0,18.0
perrieri_3047,4326,44.324103,-18.035903,POINT (428460.9159202189 8005711.63349002),9,0,False,Coffea_perrieri,98.0,2.0,223.0,7656.0,9.0,18.0,6.0,8.0,0.0
perrieri_3048,4326,44.47222,-17.93972,POINT (444108.22822919185 8016404.290082602),9,0,False,Coffea_perrieri,226.0,7.0,256.0,7610.0,7.0,16.0,5.0,8.0,83.0
perrieri_3049,4326,44.472222,-17.939722,POINT (444108.44066143275 8016404.069405051),9,0,False,Coffea_perrieri,226.0,7.0,256.0,7610.0,7.0,16.0,5.0,8.0,83.0
perrieri_3050,4326,44.516667,-18.027778,POINT (448840.6253517031 8006674.421943056),9,0,False,Coffea_perrieri,340.0,15.0,56.0,7835.0,7.0,6.0,5.0,8.0,100.0
perrieri_3051,4326,44.56194,-18.11139,POINT (453654.65719434153 7997435.553621855),9,0,False,Coffea_perrieri,272.0,9.0,170.0,7307.0,7.0,6.0,5.0,8.0,68.0
perrieri_3052,4326,44.561944,-18.111388,POINT (453655.07986227487 7997435.775907729),9,0,False,Coffea_perrieri,272.0,9.0,170.0,7307.0,7.0,6.0,5.0,8.0,68.0
perrieri_3053,4326,44.561944,-18.111389,POINT (453655.0801252412 7997435.6652677115),9,0,False,Coffea_perrieri,272.0,9.0,170.0,7307.0,7.0,6.0,5.0,8.0,68.0
perrieri_3054,4326,44.791667,-19.141667,POINT (478091.55900699616 7883484.226403832),9,0,False,Coffea_perrieri,62.0,2.0,266.0,7606.0,7.0,5.0,7.0,8.0,10.0
perrieri_3055,4326,45.116667,-16.216667,POINT (512468.8527984641 8207094.340897022),9,0,False,Coffea_perrieri,10.0,1.0,266.0,7741.0,2.0,16.0,6.0,8.0,9.0
perrieri_3056,4326,45.365556,-21.188611,POINT (537944.0601335384 7656934.283102252),9,0,False,Coffea_perrieri,686.0,16.0,212.0,6663.0,6.0,22.0,22.0,18.0,8.0
perrieri_3057,4326,45.375278,-22.153056,POINT (538695.0066782292 7550183.945195066),9,0,False,Coffea_perrieri,522.0,4.0,285.0,7602.0,6.0,18.0,6.0,18.0,0.0
perrieri_3058,4326,45.375278,-22.486389,POINT (538603.2248409083 7513286.641513546),9,0,False,Coffea_perrieri,977.0,16.0,226.0,6979.0,6.0,22.0,23.0,18.0,3.0
perrieri_3059,4326,45.985053,-17.067958,POINT (604818.6700343543 8112662.606182978),9,0,False,Coffea_perrieri,175.0,7.0,31.0,7933.0,7.0,20.0,7.0,8.0,52.0
perrieri_3060,4326,45.989,-17.06269,POINT (605241.6544511776 8113243.330755414),9,0,False,Coffea_perrieri,169.0,5.0,223.0,7472.0,7.0,20.0,5.0,8.0,21.0
perrieri_3061,4326,45.989986,-17.052635,POINT (605352.2245996634 8114355.277964734),9,0,False,Coffea_perrieri,130.0,2.0,42.0,7790.0,7.0,20.0,1.0,8.0,15.0
perrieri_3062,4326,45.993359,-17.044592,POINT (605715.7257931107 8115243.328301542),9,0,False,Coffea_perrieri,144.0,11.0,129.0,7456.0,7.0,20.0,5.0,8.0,54.0
perrieri_3063,4326,46.015693,-17.117573,POINT (608050.7222855763 8107156.467825541),9,0,False,Coffea_perrieri,137.0,2.0,39.0,7796.0,7.0,6.0,4.0,8.0,17.0
perrieri_3064,4326,46.015711,-17.117819,POINT (608052.495283464 8107129.240210309),9,0,False,Coffea_perrieri,137.0,2.0,39.0,7796.0,7.0,6.0,4.0,8.0,17.0
perrieri_3065,4326,46.109722,-24.310833,POINT (612602.9442835674 7310910.256040464),9,0,False,Coffea_perrieri,427.0,13.0,161.0,6633.0,9.0,22.0,7.0,6.0,0.0
perrieri_3066,4326,46.145833,-24.303611,POINT (616274.0138389035 7311680.2718815375),9,0,False,Coffea_perrieri,372.0,12.0,271.0,7183.0,9.0,22.0,12.0,6.0,99.0
perrieri_3067,4326,46.15777,-24.33638,POINT (617455.2353885227 7308041.618179116),9,0,False,Coffea_perrieri,233.0,2.0,235.0,7307.0,9.0,6.0,12.0,6.0,99.0
perrieri_3068,4326,46.333889,-24.560833,POINT (635084.8917711123 7283025.482374048),9,0,False,Coffea_perrieri,253.0,1.0,247.0,7366.0,10.0,18.0,7.0,6.0,0.0
perrieri_3069,4326,46.473056,-25.023333,POINT (648628.1582743296 7231660.343782023),9,0,False,Coffea_perrieri,38.0,2.0,246.0,7214.0,10.0,6.0,12.0,5.0,63.0
perrieri_3070,4326,46.599722,-24.793889,POINT (661709.4533303161 7256927.456371114),9,0,False,Coffea_perrieri,139.0,3.0,149.0,7145.0,10.0,6.0,12.0,6.0,100.0
perrieri_3071,4326,46.6,-24.8,POINT (661729.6310659264 7256250.311009459),9,0,False,Coffea_perrieri,139.0,3.0,149.0,7145.0,10.0,6.0,12.0,6.0,100.0
perrieri_3072,4326,46.60223,-24.80373,POINT (661950.2327868177 7255834.555691512),9,0,False,Coffea_perrieri,135.0,4.0,267.0,7102.0,10.0,6.0,12.0,6.0,100.0
perrieri_3073,4326,46.603611,-24.806111,POINT (662086.7480779089 7255569.211479658),9,0,False,Coffea_perrieri,128.0,4.0,212.0,7154.0,10.0,6.0,12.0,6.0,98.0
perrieri_3074,4326,46.611944,-24.806111,POINT (662929.1598642055 7255559.291154195),9,0,False,Coffea_perrieri,128.0,4.0,212.0,7154.0,10.0,6.0,12.0,6.0,98.0
perrieri_3075,4326,46.639722,-25.023333,POINT (665447.2146653433 7231467.0431410335),9,0,False,Coffea_perrieri,126.0,3.0,316.0,7346.0,10.0,6.0,7.0,5.0,79.0
perrieri_3076,4326,46.673333,-24.798889,POINT (669145.0586935519 7256284.505210571),9,0,False,Coffea_perrieri,177.0,11.0,154.0,6728.0,10.0,6.0,12.0,6.0,82.0
perrieri_3077,4326,46.783333,-22.316667,POINT (683686.9111723022 7531036.031000691),9,0,False,Coffea_perrieri,682.0,2.0,65.0,7579.0,10.0,22.0,7.0,17.0,0.0
perrieri_3078,4326,47.01973,-16.763061,POINT (715292.3355482183 8145561.28358515),9,0,False,Coffea_perrieri,42.0,1.0,320.0,7739.0,6.0,18.0,6.0,20.0,0.0
perrieri_3079,4326,47.781762,-14.79531,POINT (799445.7802546229 8362456.057627623),9,0,False,Coffea_perrieri,185.0,4.0,54.0,7925.0,6.0,16.0,2.0,9.0,43.0
perrieri_3080,4326,47.863889,-21.3825,POINT (796967.0982798996 7632811.5735395495),9,0,False,Coffea_perrieri,201.0,15.0,48.0,7777.0,10.0,11.0,16.0,3.0,0.0
perrieri_3081,4326,47.867222,-21.376389,POINT (797325.2827298145 7633482.240114497),9,0,False,Coffea_perrieri,92.0,13.0,173.0,6717.0,10.0,11.0,16.0,3.0,16.0
perrieri_3082,4326,49.76667,-14.28333,POINT (1014644.5765683387 8415647.875472417),9,0,False,Coffea_perrieri,617.0,25.0,279.0,7545.0,10.0,9.0,16.0,14.0,71.0
pervilleana_3083,4326,44.28417,-17.54361,POINT (424026.1871600385 8060163.433476245),9,0,False,Coffea_pervilleana,91.0,2.0,65.0,7729.0,9.0,18.0,7.0,8.0,27.0
pervilleana_3084,4326,44.2843,-17.543506,POINT (424039.94182844 8060174.991797281),9,0,False,Coffea_pervilleana,91.0,2.0,65.0,7729.0,9.0,18.0,7.0,8.0,27.0
pervilleana_3085,4326,44.30139,-18.01528,POINT (426048.19479896803 8007984.497489377),9,0,False,Coffea_pervilleana,71.0,5.0,143.0,7600.0,9.0,18.0,6.0,8.0,0.0
pervilleana_3086,4326,44.301506,-18.015404,POINT (426060.52627860074 8007970.82406396),9,0,False,Coffea_pervilleana,71.0,5.0,143.0,7600.0,9.0,18.0,6.0,8.0,0.0
pervilleana_3087,4326,44.315803,-18.033509,POINT (427581.40448936203 8005973.284074227),9,0,False,Coffea_pervilleana,86.0,3.0,355.0,7783.0,9.0,18.0,6.0,8.0,0.0
pervilleana_3088,4326,44.31583,-18.03361,POINT (427584.3037171829 8005962.119704753),9,0,False,Coffea_pervilleana,86.0,3.0,355.0,7783.0,9.0,18.0,6.0,8.0,0.0
pervilleana_3089,4326,44.324308,-18.035903,POINT (428482.61458970286 8005711.7127337),9,0,False,Coffea_pervilleana,98.0,2.0,223.0,7656.0,9.0,18.0,6.0,8.0,0.0
pervilleana_3090,4326,44.433333,-18.941667,POINT (440336.8344187051 7905531.171704822),9,0,False,Coffea_pervilleana,54.0,1.0,137.0,7583.0,2.0,16.0,6.0,8.0,73.0
pervilleana_3091,4326,44.497196,-18.032096,POINT (446780.9327773554 8006191.189642539),9,0,False,Coffea_pervilleana,229.0,2.0,10.0,7708.0,6.0,16.0,6.0,8.0,3.0
pervilleana_3092,4326,44.516667,-18.061111,POINT (448850.262265863 8002986.464598102),9,0,False,Coffea_pervilleana,243.0,4.0,231.0,7572.0,7.0,16.0,5.0,8.0,42.0
pervilleana_3093,4326,44.561388,-18.117777,POINT (453597.9384242575 7996728.756666439),9,0,False,Coffea_pervilleana,346.0,4.0,25.0,7781.0,7.0,6.0,5.0,8.0,91.0
pervilleana_3094,4326,44.561389,-18.117778,POINT (453598.0444822846 7996728.646278196),9,0,False,Coffea_pervilleana,346.0,4.0,25.0,7781.0,7.0,6.0,5.0,8.0,91.0
pervilleana_3095,4326,44.56139,-18.11778,POINT (453598.1508037 7996728.425249859),9,0,False,Coffea_pervilleana,346.0,4.0,25.0,7781.0,7.0,6.0,5.0,8.0,91.0
pervilleana_3096,4326,44.775,-18.683333,POINT (476274.2891389216 7934195.533748148),9,0,False,Coffea_pervilleana,321.0,6.0,211.0,7576.0,7.0,6.0,6.0,8.0,47.0
pervilleana_3097,4326,45.35,-16.433333,POINT (537365.4732744806 8183098.48396958),9,0,False,Coffea_pervilleana,131.0,1.0,202.0,7737.0,7.0,22.0,6.0,8.0,2.0
pervilleana_3098,4326,45.920397,-17.077081,POINT (597933.4077761312 8111686.841934608),9,0,False,Coffea_pervilleana,274.0,3.0,146.0,7699.0,7.0,20.0,5.0,8.0,36.0
pervilleana_3099,4326,45.923007,-17.07882,POINT (598210.23044008 8111493.13068094),9,0,False,Coffea_pervilleana,249.0,3.0,238.0,7755.0,7.0,20.0,7.0,8.0,44.0
pervilleana_3100,4326,46.70604,-19.373383,POINT (679177.018879099 7856972.6210744865),9,0,False,Coffea_pervilleana,1285.0,2.0,46.0,7917.0,10.0,12.0,6.0,19.0,0.0
pervilleana_3101,4326,46.816667,-16.3,POINT (694102.97550531 8197015.95680036),9,0,False,Coffea_pervilleana,115.0,5.0,357.0,7936.0,6.0,18.0,5.0,20.0,100.0
pervilleana_3102,4326,47.866667,-21.383333,POINT (797253.6520891015 7632714.03380194),9,0,False,Coffea_pervilleana,78.0,6.0,11.0,7706.0,10.0,11.0,16.0,3.0,0.0
pervilleana_3103,4326,47.8675,-21.376389,POINT (797354.1285826379 7633481.713490407),9,0,False,Coffea_pervilleana,92.0,13.0,173.0,6717.0,10.0,11.0,16.0,3.0,16.0
pervilleana_3104,4326,48.25,-13.33333,POINT (852128.0575230313 8523697.136921985),9,0,False,Coffea_pervilleana,217.0,8.0,104.0,7819.0,7.0,13.0,7.0,24.0,2.0
pervilleana_3105,4326,48.3,-13.41666,POINT (857427.6638231493 8514396.399066638),9,8,False,Coffea_pervilleana,,,,,,,25.0,,
pervilleana_3106,4326,48.313333,-13.423611,POINT (858862.8799262763 8513607.153614525),9,8,False,Coffea_pervilleana,,,,,,,25.0,,
pervilleana_3107,4326,48.31388,-13.42111,POINT (858925.9073838781 8513883.35780484),9,8,False,Coffea_pervilleana,,,,,,,25.0,,
pervilleana_3108,4326,48.31389,-13.42111,POINT (858926.9915683912 8513883.343233537),9,8,False,Coffea_pervilleana,,,,,,,25.0,,
pervilleana_3109,4326,48.32222,-13.40833,POINT (859849.1835322996 8515286.664657084),9,1,False,Coffea_pervilleana,378.0,10.0,358.0,7975.0,10.0,6.0,5.0,,93.0
pervilleana_3110,4326,48.333333,-13.416667,POINT (861041.6417217404 8514347.027169812),9,7,False,Coffea_pervilleana,,,,,10.0,,25.0,,
pervilleana_3111,4326,48.666667,-13.587777,POINT (896904.5278259984 8494876.075315997),9,0,False,Coffea_pervilleana,19.0,3.0,351.0,7932.0,6.0,19.0,7.0,11.0,13.0
pervilleana_3112,4326,49.16667,-12.53333,POINT (953032.947391506 8610891.275012875),9,0,False,Coffea_pervilleana,1167.0,3.0,344.0,8265.0,9.0,8.0,7.0,12.0,93.0
pervilleana_3113,4326,49.36583,-12.37888,POINT (975006.5888685924 8627664.81945074),9,0,False,Coffea_pervilleana,277.0,11.0,175.0,7910.0,6.0,20.0,7.0,1.0,33.0
resinosa_3306,4326,47.0,-23.0,POINT (704992.1724866081 7455081.895663038),9,0,False,Coffea_resinosa,544.0,5.0,201.0,7607.0,10.0,10.0,7.0,17.0,0.0
resinosa_3307,4326,47.683333,-23.183333,POINT (774689.0495582593 7433651.614332899),9,0,False,Coffea_resinosa,12.0,2.0,276.0,7297.0,9.0,19.0,16.0,4.0,0.0
resinosa_3308,4326,47.699444,-23.175556,POINT (776355.1456912265 7434482.672752829),9,0,False,Coffea_resinosa,12.0,0.0,174.0,7360.0,9.0,12.0,15.0,4.0,7.0
resinosa_3309,4326,47.70027,-23.17666,POINT (776437.4805357857 7434358.793032329),9,0,False,Coffea_resinosa,12.0,0.0,174.0,7360.0,9.0,12.0,15.0,4.0,7.0
resinosa_3310,4326,47.700278,-23.178611,POINT (776434.2876125993 7434142.631072203),9,0,False,Coffea_resinosa,12.0,0.0,174.0,7360.0,9.0,12.0,15.0,4.0,7.0
resinosa_3311,4326,47.70111,-23.17222,POINT (776532.6517142393 7434849.093065027),9,0,False,Coffea_resinosa,12.0,0.0,174.0,7360.0,9.0,12.0,15.0,4.0,7.0
resinosa_3312,4326,47.701944,-23.175278,POINT (776611.7866381853 7434508.718005167),9,0,False,Coffea_resinosa,12.0,0.0,174.0,7360.0,9.0,12.0,15.0,4.0,7.0
resinosa_3313,4326,47.70638,-23.17222,POINT (777072.459374704 7434839.061933706),9,0,False,Coffea_resinosa,13.0,0.0,308.0,7382.0,9.0,21.0,15.0,4.0,12.0
resinosa_3314,4326,47.70666,-23.1775,POINT (777090.2567903516 7434253.567531984),9,0,False,Coffea_resinosa,13.0,0.0,308.0,7382.0,9.0,21.0,15.0,4.0,12.0
resinosa_3315,4326,47.724167,-23.170278,POINT (778898.4273240004 7435020.213109655),9,0,False,Coffea_resinosa,46.0,8.0,263.0,7236.0,9.0,21.0,16.0,4.0,0.0
resinosa_3316,4326,47.727056,-23.013667,POINT (779518.5001933372 7452365.359357076),9,0,False,Coffea_resinosa,45.0,7.0,123.0,7141.0,10.0,7.0,14.0,4.0,90.0
resinosa_3317,4326,47.733333,-23.166667,POINT (779844.8451066222 7435402.666992562),9,0,False,Coffea_resinosa,13.0,3.0,324.0,7458.0,9.0,21.0,4.0,4.0,51.0
resinosa_3318,4326,47.753611,-23.089722,POINT (782083.1109208111 7443888.286225902),9,1,False,Coffea_resinosa,4.0,1.0,296.0,7386.0,2.0,,16.0,4.0,46.0
resinosa_3319,4326,47.755,-23.09,POINT (782224.8968948638 7443854.800482531),9,1,False,Coffea_resinosa,4.0,1.0,296.0,7386.0,2.0,,16.0,4.0,46.0
resinosa_3320,4326,47.757778,-23.083889,POINT (782522.4195798635 7444526.464216628),9,1,False,Coffea_resinosa,10.0,1.0,231.0,7330.0,9.0,,15.0,4.0,42.0
resinosa_3321,4326,47.76444,-23.08277,POINT (783207.6286408062 7444637.52665315),9,6,False,Coffea_resinosa,,,,,2.0,,16.0,,5.0
resinosa_3322,4326,47.764444,-23.082778,POINT (783208.0218699167 7444636.632565059),9,6,False,Coffea_resinosa,,,,,2.0,,16.0,,5.0
resinosa_3323,4326,47.77,-23.04,POINT (783867.3495643341 7449365.253219774),9,0,False,Coffea_resinosa,2.0,1.0,213.0,7336.0,9.0,21.0,7.0,4.0,1.0
resinosa_3324,4326,47.771282,-23.045858,POINT (783986.5024528251 7448713.751088722),9,0,False,Coffea_resinosa,4.0,2.0,275.0,7405.0,9.0,21.0,16.0,4.0,40.0
resinosa_3325,4326,47.77305,-23.04138,POINT (784177.1830345219 7449206.436604118),9,1,False,Coffea_resinosa,7.0,1.0,188.0,7355.0,2.0,,6.0,4.0,4.0
resinosa_3326,4326,47.773055,-23.042499,POINT (784175.3453126305 7449082.451882856),9,1,False,Coffea_resinosa,7.0,1.0,188.0,7355.0,2.0,,6.0,4.0,4.0
resinosa_3327,4326,47.773056,-23.041389,POINT (784177.7793355898 7449205.427823051),9,1,False,Coffea_resinosa,7.0,1.0,188.0,7355.0,2.0,,6.0,4.0,4.0
resinosa_3328,4326,47.8675,-21.375833,POINT (797355.2531098193 7633543.307278467),9,0,False,Coffea_resinosa,92.0,13.0,173.0,6717.0,10.0,11.0,16.0,3.0,16.0
resinosa_3329,4326,48.343055,-18.791944,POINT (852450.7416638725 7918878.308459453),9,0,False,Coffea_resinosa,1016.0,8.0,0.0,7730.0,10.0,7.0,14.0,2.0,96.0
resinosa_3330,4326,48.43388,-20.95027,POINT (857157.3842089139 7679526.09288253),9,0,False,Coffea_resinosa,2.0,0.0,137.0,7490.0,2.0,21.0,16.0,3.0,14.0
resinosa_3331,4326,48.482222,-20.801944,POINT (862546.49456094 7695855.550765952),9,1,False,Coffea_resinosa,4.0,1.0,241.0,7521.0,,21.0,16.0,3.0,73.0
resinosa_3332,4326,48.48527,-20.76222,POINT (862959.2639645257 7700251.067593895),9,0,False,Coffea_resinosa,8.0,1.0,275.0,7513.0,2.0,21.0,15.0,3.0,55.0
resinosa_3333,4326,48.4875,-20.73944,POINT (863246.2277114298 7702770.623389309),9,0,False,Coffea_resinosa,13.0,0.0,243.0,7514.0,2.0,21.0,15.0,3.0,90.0
resinosa_3334,4326,48.53333,-20.58333,POINT (868401.212355021 7719968.12617358),9,0,False,Coffea_resinosa,6.0,1.0,317.0,7562.0,2.0,21.0,16.0,3.0,8.0
resinosa_3335,4326,48.554167,-20.3725,POINT (871083.6199276892 7743286.659036701),9,0,False,Coffea_resinosa,5.0,1.0,2.0,7543.0,6.0,19.0,16.0,3.0,1.0
resinosa_3336,4326,48.60583,-20.35944,POINT (876514.7936214907 7744616.5225164965),9,0,False,Coffea_resinosa,8.0,3.0,292.0,7574.0,1.0,21.0,16.0,3.0,32.0
resinosa_3337,4326,48.605833,-20.359444,POINT (876515.097472524 7744616.072313964),9,0,False,Coffea_resinosa,8.0,3.0,292.0,7574.0,1.0,21.0,16.0,3.0,32.0
resinosa_3338,4326,48.7,-13.58,POINT (900530.2787016315 8495683.113346167),9,0,False,Coffea_resinosa,40.0,7.0,292.0,7875.0,6.0,18.0,5.0,11.0,39.0
resinosa_3339,4326,49.0,-17.0,POINT (926061.8652484254 8116091.631643504),9,0,False,Coffea_resinosa,908.0,18.0,148.0,7058.0,10.0,9.0,14.0,2.0,85.0
resinosa_3340,4326,49.13333,-18.85,POINT (935721.9581842328 7910685.459815653),9,0,False,Coffea_resinosa,20.0,2.0,253.0,7584.0,6.0,19.0,6.0,2.0,1.0
resinosa_3341,4326,49.133333,-18.85,POINT (935722.2748717116 7910685.452421288),9,0,False,Coffea_resinosa,20.0,2.0,253.0,7584.0,6.0,19.0,6.0,2.0,1.0
resinosa_3342,4326,49.141667,-18.816667,POINT (936688.431989203 7914360.736307044),9,0,False,Coffea_resinosa,38.0,3.0,270.0,7573.0,6.0,21.0,16.0,2.0,42.0
resinosa_3343,4326,49.141667,-18.8175,POINT (936686.2747382382 7914268.376260653),9,0,False,Coffea_resinosa,38.0,3.0,270.0,7573.0,6.0,21.0,16.0,2.0,42.0
resinosa_3344,4326,49.166667,-12.483333,POINT (953120.0678196969 8616433.416868836),9,0,False,Coffea_resinosa,735.0,17.0,84.0,7848.0,9.0,8.0,14.0,12.0,100.0
resinosa_3345,4326,49.23388,-18.595,POINT (947008.7347414009 7938710.59530902),9,0,False,Coffea_resinosa,14.0,1.0,234.0,7606.0,2.0,21.0,15.0,2.0,24.0
resinosa_3346,4326,49.234,-18.595139,POINT (947021.0588626126 7938694.882673698),9,0,False,Coffea_resinosa,14.0,1.0,234.0,7606.0,2.0,21.0,15.0,2.0,24.0
resinosa_3347,4326,49.256667,-18.565556,POINT (949495.5412336814 7941918.554668624),9,1,False,Coffea_resinosa,8.0,3.0,115.0,7582.0,2.0,,16.0,2.0,34.0
resinosa_3348,4326,49.38333,-17.28333,POINT (966246.2111063303 8083795.086417586),9,0,False,Coffea_resinosa,55.0,4.0,161.0,7569.0,10.0,12.0,16.0,2.0,8.0
resinosa_3349,4326,49.39166,-17.28333,POINT (967133.6957309884 8083774.855403699),9,0,False,Coffea_resinosa,52.0,8.0,153.0,7430.0,10.0,12.0,16.0,2.0,12.0
resinosa_3350,4326,49.4,-17.28333,POINT (968022.253984275 8083754.561281942),9,0,False,Coffea_resinosa,14.0,1.0,351.0,7722.0,10.0,21.0,16.0,2.0,28.0
resinosa_3351,4326,49.405833,-17.688889,POINT (967602.4266189564 8038763.60339047),9,0,False,Coffea_resinosa,60.0,5.0,158.0,7521.0,10.0,10.0,16.0,2.0,3.0
resinosa_3352,4326,49.41083,-17.28777,POINT (969164.8275264167 8083235.752707667),9,0,False,Coffea_resinosa,17.0,1.0,294.0,7703.0,1.0,21.0,15.0,2.0,100.0
resinosa_3353,4326,49.410833,-17.287778,POINT (969165.1268116132 8083234.858178162),9,0,False,Coffea_resinosa,17.0,1.0,294.0,7703.0,1.0,21.0,15.0,2.0,100.0
resinosa_3354,4326,49.49166,-17.675,POINT (976763.4133229593 8040088.358195232),9,0,False,Coffea_resinosa,15.0,1.0,322.0,7702.0,1.0,21.0,16.0,2.0,0.0
resinosa_3355,4326,49.58333,-16.9,POINT (988558.4856777114 8125818.106557046),9,0,False,Coffea_resinosa,14.0,7.0,145.0,7521.0,1.0,19.0,16.0,2.0,5.0
resinosa_3356,4326,49.606667,-13.258056,POINT (999517.0551808084 8529713.93662722),9,0,False,Coffea_resinosa,648.0,26.0,177.0,7594.0,10.0,9.0,14.0,1.0,90.0
resinosa_3357,4326,49.6067,-13.2581,POINT (999520.5502611361 8529708.990281457),9,0,False,Coffea_resinosa,648.0,26.0,177.0,7594.0,10.0,9.0,14.0,1.0,90.0
resinosa_3358,4326,49.66666,-15.46666,POINT (1001074.7566815815 8284607.73523326),9,0,False,Coffea_resinosa,6.0,1.0,161.0,7770.0,1.0,21.0,16.0,2.0,23.0
resinosa_3359,4326,49.66666,-16.86666,POINT (997545.0090620955 8129307.278147745),9,0,False,Coffea_resinosa,4.0,1.0,168.0,7670.0,1.0,21.0,16.0,2.0,0.0
resinosa_3360,4326,49.678333,-16.765833,POINT (999056.6788974418 8140462.722277711),9,0,False,Coffea_resinosa,19.0,1.0,111.0,7712.0,1.0,19.0,16.0,2.0,99.0
resinosa_3361,4326,49.681278,-16.867389,POINT (999104.5170429867 8129189.366791048),9,0,False,Coffea_resinosa,9.0,1.0,121.0,7701.0,1.0,21.0,16.0,2.0,0.0
resinosa_3362,4326,49.68333,-15.825,POINT (1001989.8494829243 8244818.1929459125),9,0,False,Coffea_resinosa,60.0,5.0,124.0,7634.0,10.0,12.0,16.0,2.0,6.0
resinosa_3363,4326,49.7,-15.46666,POINT (1004661.5030160582 8284529.373307271),9,8,False,Coffea_resinosa,,,,,,,25.0,,
resinosa_3364,4326,49.7,-15.88333,POINT (1003634.7435142059 8238307.442785221),9,1,False,Coffea_resinosa,35.0,6.0,253.0,7653.0,,11.0,16.0,2.0,4.0
resinosa_3365,4326,49.70611,-16.76055,POINT (1002039.2629539109 8140978.508391662),9,0,False,Coffea_resinosa,13.0,1.0,213.0,7688.0,1.0,21.0,16.0,2.0,59.0
resinosa_3366,4326,49.706111,-16.760556,POINT (1002039.3540316921 8140977.840236956),9,0,False,Coffea_resinosa,13.0,1.0,213.0,7688.0,1.0,21.0,16.0,2.0,59.0
resinosa_3367,4326,49.70972,-16.76111,POINT (1002423.623921355 8140907.22037609),9,0,False,Coffea_resinosa,13.0,1.0,213.0,7688.0,1.0,21.0,16.0,2.0,59.0
resinosa_3368,4326,49.71666,-15.9,POINT (1005381.6377907357 8236417.841457187),9,1,False,Coffea_resinosa,25.0,4.0,97.0,7733.0,,21.0,16.0,2.0,18.0
resinosa_3369,4326,49.72388,-16.70194,POINT (1004093.2227953245 8147435.43887864),9,5,False,Coffea_resinosa,,,,,1.0,21.0,25.0,2.0,
resinosa_3370,4326,49.72416,-16.70194,POINT (1004123.1590553704 8147434.727885678),9,5,False,Coffea_resinosa,,,,,1.0,21.0,25.0,2.0,
resinosa_3371,4326,49.73333,-16.69166,POINT (1005130.7088737527 8148551.878993404),9,1,False,Coffea_resinosa,6.0,1.0,253.0,,1.0,21.0,16.0,2.0,9.0
resinosa_3372,4326,49.74166,-16.69166,POINT (1006021.3754067889 8148530.67752729),9,5,False,Coffea_resinosa,,,,,1.0,21.0,25.0,2.0,
resinosa_3373,4326,49.81666,-16.56666,POINT (1014375.4461288308 8162206.936667246),9,0,False,Coffea_resinosa,12.0,3.0,358.0,7748.0,10.0,12.0,7.0,2.0,3.0
resinosa_3374,4326,49.85,-16.45,POINT (1018255.1143545879 8175064.928245131),9,0,False,Coffea_resinosa,8.0,1.0,43.0,7748.0,10.0,21.0,7.0,2.0,0.0
resinosa_3375,4326,49.93333,-15.35833,POINT (1030043.3173509802 8295985.879482672),9,0,False,Coffea_resinosa,263.0,23.0,160.0,6731.0,10.0,10.0,14.0,2.0,12.0
resinosa_3376,4326,50.1875,-14.31666,POINT (1060103.0223329074 8410969.72690052),9,0,False,Coffea_resinosa,19.0,1.0,160.0,7809.0,2.0,21.0,7.0,2.0,47.0
richardii_3405,4326,47.863889,-21.3825,POINT (796967.0982798996 7632811.5735395495),9,0,False,Coffea_richardii,201.0,15.0,48.0,7777.0,10.0,11.0,16.0,3.0,0.0
richardii_3406,4326,47.8675,-21.376389,POINT (797354.1285826379 7633481.713490407),9,0,False,Coffea_richardii,92.0,13.0,173.0,6717.0,10.0,11.0,16.0,3.0,16.0
richardii_3407,4326,48.950556,-19.044722,POINT (915945.569570035 7889539.748178162),9,0,False,Coffea_richardii,37.0,3.0,221.0,7501.0,10.0,10.0,7.0,2.0,0.0
richardii_3408,4326,48.9525,-18.824722,POINT (916697.3160538282 7913923.561604584),9,0,False,Coffea_richardii,143.0,10.0,274.0,7580.0,10.0,10.0,14.0,2.0,99.0
richardii_3409,4326,49.0,-17.0,POINT (926061.8652484254 8116091.631643504),9,0,False,Coffea_richardii,908.0,18.0,148.0,7058.0,10.0,9.0,14.0,2.0,85.0
richardii_3410,4326,49.21,-18.006389,POINT (945992.4587991934 8004035.999129224),9,0,False,Coffea_richardii,270.0,13.0,161.0,7330.0,10.0,11.0,16.0,2.0,2.0
richardii_3411,4326,49.242218,-18.198825,POINT (948918.7691388514 7982619.843175204),9,0,False,Coffea_richardii,15.0,1.0,269.0,7648.0,10.0,10.0,1.0,2.0,0.0
richardii_3412,4326,49.2425,-18.040833,POINT (949352.8393566874 8000137.957094863),9,0,False,Coffea_richardii,184.0,7.0,303.0,7773.0,10.0,10.0,16.0,2.0,2.0
richardii_3413,4326,49.25027,-18.55944,POINT (948835.0796586431 7942612.761677308),9,0,False,Coffea_richardii,23.0,1.0,252.0,7622.0,2.0,21.0,15.0,2.0,69.0
richardii_3414,4326,49.25611,-18.56527,POINT (949437.3876831792 7941951.664507931),9,1,False,Coffea_richardii,8.0,3.0,115.0,7582.0,2.0,,16.0,2.0,34.0
richardii_3415,4326,49.25666,-18.56555,POINT (949494.8167221749 7941919.237540592),9,1,False,Coffea_richardii,8.0,3.0,115.0,7582.0,2.0,,16.0,2.0,34.0
richardii_3416,4326,49.256667,-18.565556,POINT (949495.5412336814 7941918.554668624),9,1,False,Coffea_richardii,8.0,3.0,115.0,7582.0,2.0,,16.0,2.0,34.0
richardii_3417,4326,49.308889,-17.956667,POINT (956612.5788492411 8009308.1712304),9,0,False,Coffea_richardii,98.0,2.0,10.0,7681.0,10.0,10.0,16.0,2.0,0.0
richardii_3418,4326,49.3125,-16.865833,POINT (959725.33345798 8130260.664054372),9,0,False,Coffea_richardii,483.0,9.0,312.0,7982.0,10.0,11.0,16.0,2.0,67.0
richardii_3419,4326,49.318056,-17.913889,POINT (957695.8092033232 8014029.288636876),9,0,False,Coffea_richardii,183.0,13.0,257.0,7597.0,10.0,10.0,16.0,2.0,8.0
richardii_3420,4326,49.3275,-17.965278,POINT (958565.5558909739 8008307.284068234),9,0,False,Coffea_richardii,163.0,21.0,316.0,7862.0,10.0,10.0,16.0,2.0,19.0
richardii_3421,4326,49.340278,-18.057222,POINT (959682.4050804448 7998079.441623897),9,0,False,Coffea_richardii,50.0,4.0,131.0,7600.0,10.0,10.0,16.0,2.0,0.0
richardii_3422,4326,49.370938,-17.429905,POINT (964555.3227809344 8067570.567769784),9,0,False,Coffea_richardii,46.0,3.0,205.0,7699.0,10.0,10.0,16.0,2.0,1.0
richardii_3423,4326,49.380748,-17.500201,POINT (965420.3928740595 8059750.983680808),9,0,False,Coffea_richardii,85.0,3.0,189.0,7598.0,10.0,11.0,16.0,2.0,1.0
richardii_3424,4326,49.38333,-17.28333,POINT (966246.2111063303 8083795.086417586),9,0,False,Coffea_richardii,55.0,4.0,161.0,7569.0,10.0,12.0,16.0,2.0,8.0
richardii_3425,4326,49.4,-17.28333,POINT (968022.253984275 8083754.561281942),9,0,False,Coffea_richardii,14.0,1.0,351.0,7722.0,10.0,21.0,16.0,2.0,28.0
richardii_3426,4326,49.410833,-17.287778,POINT (969165.1268116132 8083234.858178162),9,0,False,Coffea_richardii,17.0,1.0,294.0,7703.0,1.0,21.0,15.0,2.0,100.0
richardii_3427,4326,49.411718,-17.780204,POINT (967990.0274516237 8028621.888939859),9,0,False,Coffea_richardii,32.0,5.0,98.0,7645.0,10.0,10.0,4.0,2.0,0.0
richardii_3428,4326,49.422757,-17.667906,POINT (969456.200641623 8041048.491123244),9,0,False,Coffea_richardii,32.0,2.0,15.0,7726.0,10.0,10.0,16.0,2.0,0.0
richardii_3429,4326,49.43333,-17.7,POINT (970496.4866465975 8037462.6894503925),9,0,False,Coffea_richardii,55.0,6.0,277.0,7692.0,10.0,10.0,16.0,2.0,0.0
richardii_3430,4326,49.45,-17.7,POINT (972268.542701771 8037420.838315336),9,0,False,Coffea_richardii,33.0,4.0,297.0,7720.0,10.0,10.0,16.0,2.0,41.0
richardii_3431,4326,49.45833,-17.70305,POINT (973146.0317633711 8037061.5963748),9,0,False,Coffea_richardii,50.0,5.0,147.0,7457.0,10.0,19.0,14.0,2.0,59.0
richardii_3432,4326,49.459444,-17.705556,POINT (973257.8605314721 8036780.852303771),9,0,False,Coffea_richardii,31.0,5.0,180.0,7633.0,10.0,19.0,16.0,2.0,5.0
richardii_3433,4326,49.506512,-17.636398,POINT (978444.8855269325 8044332.1273346525),9,8,False,Coffea_richardii,,,,,,,25.0,,
richardii_3434,4326,49.551854,-17.665406,POINT (983189.349037017 8040998.838499),9,8,False,Coffea_richardii,,,,,,,25.0,,
richardii_3435,4326,49.555672,-17.626077,POINT (983700.7096328198 8045351.397982563),9,8,False,Coffea_richardii,,,,,,,25.0,,
richardii_3436,4326,49.583333,-16.916667,POINT (988515.7009830992 8123969.385441968),9,1,False,Coffea_richardii,28.0,9.0,30.0,7857.0,1.0,19.0,13.0,,0.0
richardii_3437,4326,49.71666,-15.91666,POINT (1005339.8391760665 8234569.667968566),9,1,False,Coffea_richardii,34.0,4.0,231.0,7726.0,,21.0,16.0,2.0,9.0
richardii_3438,4326,49.866667,-15.3,POINT (1023011.6072809633 8302620.8030133825),9,0,False,Coffea_richardii,621.0,15.0,180.0,7277.0,10.0,9.0,14.0,2.0,100.0
richardii_3439,4326,49.86667,-15.3,POINT (1023011.9303583587 8302620.795754407),9,0,False,Coffea_richardii,621.0,15.0,180.0,7277.0,10.0,9.0,14.0,2.0,100.0
richardii_3440,4326,49.990556,-14.112778,POINT (1039275.2577874459 8434063.747020287),9,0,False,Coffea_richardii,106.0,6.0,177.0,7588.0,10.0,10.0,16.0,1.0,2.0
richardii_3441,4326,50.0,-14.1,POINT (1040328.305517196 8435459.9292005),9,0,False,Coffea_richardii,69.0,5.0,240.0,7673.0,10.0,10.0,16.0,1.0,22.0
richardii_3442,4326,50.007222,-14.100833,POINT (1041108.5474184861 8435350.805197896),9,0,False,Coffea_richardii,244.0,9.0,150.0,7596.0,10.0,6.0,14.0,1.0,17.0
richardii_3443,4326,50.016389,-14.101111,POINT (1042100.7731690232 8435298.740363352),9,0,False,Coffea_richardii,297.0,9.0,341.0,8098.0,10.0,6.0,14.0,1.0,74.0
richardii_3444,4326,50.03972,-14.10777,POINT (1044611.9442610986 8434505.57675879),9,0,False,Coffea_richardii,206.0,20.0,187.0,6815.0,10.0,6.0,14.0,1.0,74.0
richardii_3445,4326,50.041667,-14.101389,POINT (1044838.0523195444 8435209.185751595),9,0,False,Coffea_richardii,261.0,13.0,7.0,8107.0,10.0,6.0,14.0,1.0,87.0
richardii_3446,4326,50.042222,-14.108333,POINT (1044881.596650799 8434437.26987867),9,0,False,Coffea_richardii,206.0,20.0,187.0,6815.0,10.0,6.0,14.0,1.0,74.0
tetragona_3606,4326,44.315803,-18.033509,POINT (427581.40448936203 8005973.284074227),9,0,False,Coffea_tetragona,86.0,3.0,355.0,7783.0,9.0,18.0,6.0,8.0,0.0
tetragona_3607,4326,44.31583,-18.03361,POINT (427584.3037171829 8005962.119704753),9,0,False,Coffea_tetragona,86.0,3.0,355.0,7783.0,9.0,18.0,6.0,8.0,0.0
tetragona_3608,4326,44.324308,-18.035903,POINT (428482.61458970286 8005711.7127337),9,0,False,Coffea_tetragona,98.0,2.0,223.0,7656.0,9.0,18.0,6.0,8.0,0.0
tetragona_3609,4326,44.32444,-18.03583,POINT (428496.55692883144 8005719.840669438),9,0,False,Coffea_tetragona,98.0,2.0,223.0,7656.0,9.0,18.0,6.0,8.0,0.0
tetragona_3610,4326,44.497196,-18.032096,POINT (446780.9327773554 8006191.189642539),9,0,False,Coffea_tetragona,229.0,2.0,10.0,7708.0,6.0,16.0,6.0,8.0,3.0
tetragona_3611,4326,44.50722,-18.04778,POINT (447846.5620615654 8004458.766966996),9,0,False,Coffea_tetragona,259.0,8.0,208.0,7361.0,7.0,16.0,6.0,8.0,62.0
tetragona_3612,4326,44.507222,-18.047778,POINT (447846.77314645547 8004458.9888110105),9,0,False,Coffea_tetragona,259.0,8.0,208.0,7361.0,7.0,16.0,6.0,8.0,62.0
tetragona_3613,4326,44.516667,-18.061111,POINT (448850.262265863 8002986.464598102),9,0,False,Coffea_tetragona,243.0,4.0,231.0,7572.0,7.0,16.0,5.0,8.0,42.0
tetragona_3614,4326,47.78667,-15.03306,POINT (799644.7017545627 8336126.299508565),9,0,False,Coffea_tetragona,201.0,5.0,98.0,7806.0,6.0,16.0,5.0,9.0,33.0
tetragona_3615,4326,47.866667,-21.033333,POINT (797956.022682552 7671486.503199329),9,0,False,Coffea_tetragona,336.0,7.0,211.0,7237.0,10.0,10.0,16.0,3.0,9.0
tetragona_3616,4326,47.8675,-21.374722,POINT (797357.5000579713 7633666.384065246),9,0,False,Coffea_tetragona,92.0,13.0,173.0,6717.0,10.0,11.0,16.0,3.0,16.0
tetragona_3617,4326,47.99,-13.77,POINT (823342.0013366424 8475700.793631122),9,0,False,Coffea_tetragona,122.0,7.0,58.0,7938.0,6.0,18.0,7.0,10.0,72.0
tetragona_3618,4326,47.99889,-13.77222,POINT (824301.0935500936 8475442.996531986),9,0,False,Coffea_tetragona,267.0,13.0,176.0,7291.0,6.0,18.0,14.0,10.0,96.0
tetragona_3619,4326,48.5,-13.78333,POINT (878529.3005786965 8473479.052998535),9,0,False,Coffea_tetragona,55.0,4.0,111.0,7729.0,6.0,18.0,5.0,22.0,29.0
tetragona_3620,4326,48.80222,-13.79638,POINT (911233.0194181908 8471535.419926984),9,0,False,Coffea_tetragona,1128.0,34.0,267.0,7295.0,10.0,9.0,14.0,22.0,96.0
tsirananae_3690,4326,47.863972,-21.382389,POINT (796975.9344399704 7632823.713043112),9,0,False,Coffea_tsirananae,201.0,15.0,48.0,7777.0,10.0,11.0,16.0,3.0,0.0
tsirananae_3691,4326,49.086389,-12.923056,POINT (943610.5519767608 8567830.90029506),9,0,False,Coffea_tsirananae,134.0,9.0,233.0,7686.0,7.0,22.0,5.0,13.0,13.0
tsirananae_3692,4326,49.093889,-12.921389,POINT (944428.9510579077 8568002.632460257),9,0,False,Coffea_tsirananae,100.0,2.0,189.0,7877.0,7.0,22.0,2.0,13.0,26.0
tsirananae_3693,4326,49.116667,-12.916667,POINT (946913.9830070704 8568486.291150538),9,0,False,Coffea_tsirananae,145.0,5.0,60.0,7944.0,7.0,22.0,5.0,13.0,7.0
tsirananae_3694,4326,49.133333,-12.9,POINT (948755.9469311959 8570304.558604289),9,0,False,Coffea_tsirananae,181.0,5.0,4.0,8033.0,7.0,22.0,2.0,12.0,0.0
tsirananae_3695,4326,49.15,-12.233333,POINT (951735.0036611798 8644173.615044871),9,7,False,Coffea_tsirananae,,,,,,23.0,25.0,,
tsirananae_3696,4326,49.166667,-12.233333,POINT (953552.1656945965 8644145.619727332),9,0,False,Coffea_tsirananae,15.0,3.0,190.0,7822.0,7.0,23.0,6.0,12.0,0.0
tsirananae_3697,4326,49.201725,-12.347115,POINT (957177.3163527008 8631473.27732848),9,0,False,Coffea_tsirananae,51.0,8.0,26.0,8001.0,7.0,23.0,7.0,12.0,0.0
tsirananae_3698,4326,49.21111,-12.17833,POINT (958492.770916003 8650167.71906347),9,0,False,Coffea_tsirananae,82.0,13.0,272.0,7765.0,6.0,23.0,5.0,12.0,17.0
tsirananae_3699,4326,49.218611,-12.165556,POINT (959332.8350570735 8651571.060893547),9,0,False,Coffea_tsirananae,91.0,4.0,239.0,7837.0,6.0,23.0,6.0,12.0,4.0
tsirananae_3700,4326,49.219958,-12.50737,POINT (958882.377205497 8613676.766727574),9,0,False,Coffea_tsirananae,731.0,6.0,189.0,8019.0,9.0,8.0,7.0,1.0,47.0
tsirananae_3701,4326,49.220055,-12.254734,POINT (959336.040209731 8641682.768303737),9,7,False,Coffea_tsirananae,,,,,,23.0,25.0,,
tsirananae_3702,4326,49.25,-12.25,POINT (962609.1747068497 8642156.25813164),9,0,False,Coffea_tsirananae,52.0,1.0,41.0,7932.0,9.0,17.0,6.0,12.0,0.0
tsirananae_3703,4326,49.25,-12.266667,POINT (962580.020670874 8640308.56629311),9,0,False,Coffea_tsirananae,67.0,1.0,10.0,7936.0,7.0,17.0,6.0,12.0,0.0
tsirananae_3704,4326,49.251149,-12.267834,POINT (962703.2476591539 8640177.215098938),9,0,False,Coffea_tsirananae,67.0,1.0,10.0,7936.0,7.0,17.0,6.0,12.0,0.0
tsirananae_3705,4326,49.251716,-12.382886,POINT (962562.6489019138 8627421.601399792),9,0,False,Coffea_tsirananae,83.0,4.0,290.0,7884.0,9.0,8.0,7.0,1.0,9.0
tsirananae_3706,4326,49.266346,-12.314212,POINT (964278.4639289188 8635009.46026732),9,0,False,Coffea_tsirananae,51.0,1.0,132.0,7898.0,1.0,4.0,6.0,1.0,0.0
tsirananae_3707,4326,49.281018,-12.403209,POINT (965719.7549195476 8625117.42829332),9,0,False,Coffea_tsirananae,184.0,3.0,313.0,7969.0,9.0,8.0,7.0,1.0,3.0
tsirananae_3708,4326,49.286155,-12.355806,POINT (966363.9915189231 8630363.731884366),9,0,False,Coffea_tsirananae,113.0,3.0,40.0,7977.0,9.0,23.0,6.0,1.0,0.0
tsirananae_3709,4326,49.297935,-12.30587,POINT (967736.7949204224 8635879.310895983),9,0,False,Coffea_tsirananae,66.0,1.0,290.0,7918.0,9.0,4.0,13.0,1.0,0.0
tsirananae_3710,4326,49.299349,-12.17709,POINT (968118.5360298271 8650154.135006022),9,6,False,Coffea_tsirananae,,,,,,4.0,25.0,12.0,
tsirananae_3711,4326,49.322106,-12.239535,POINT (970490.0001921058 8643191.472560259),9,8,False,Coffea_tsirananae,,,,,,,25.0,,
tsirananae_3712,4326,49.322727,-12.338667,POINT (970380.8853054564 8632199.716197923),9,0,False,Coffea_tsirananae,40.0,5.0,295.0,7956.0,7.0,23.0,6.0,1.0,0.0
tsirananae_3713,4326,49.322867,-12.37262,POINT (970335.2553443364 8628435.124171881),9,0,False,Coffea_tsirananae,281.0,11.0,62.0,7842.0,6.0,20.0,6.0,1.0,1.0
tsirananae_3714,4326,49.333392,-12.276174,POINT (971655.3476471183 8639109.547239406),9,8,False,Coffea_tsirananae,,,,,,,25.0,,
tsirananae_3715,4326,49.336944,-12.3225,POINT (971959.6525379058 8633967.094771545),9,0,False,Coffea_tsirananae,155.0,15.0,249.0,7621.0,6.0,23.0,7.0,1.0,34.0
tsirananae_3716,4326,49.3375,-12.323889,POINT (972017.7710497924 8633812.113639003),9,0,False,Coffea_tsirananae,299.0,18.0,123.0,7208.0,5.0,23.0,5.0,1.0,40.0
tsirananae_3717,4326,49.340235,-12.302029,POINT (972355.1505723498 8636230.935855007),9,6,False,Coffea_tsirananae,,,,,7.0,4.0,25.0,,
tsirananae_3718,4326,49.352042,-12.383784,POINT (973494.9223408515 8627145.654388934),9,0,False,Coffea_tsirananae,255.0,11.0,36.0,8066.0,6.0,20.0,7.0,1.0,2.0
tsirananae_3719,4326,49.35305,-12.37361,POINT (973623.1924143073 8628271.887355782),9,0,False,Coffea_tsirananae,250.0,14.0,331.0,8092.0,6.0,20.0,5.0,1.0,47.0
tsirananae_3720,4326,49.353056,-12.373611,POINT (973623.8445715362 8628271.765814653),9,0,False,Coffea_tsirananae,250.0,14.0,331.0,8092.0,6.0,20.0,5.0,1.0,47.0
tsirananae_3721,4326,49.355849,-12.251702,POINT (974147.8238659615 8641783.286370104),9,0,False,Coffea_tsirananae,79.0,2.0,108.0,7900.0,7.0,16.0,6.0,1.0,0.0
tsirananae_3722,4326,49.35805,-12.35083,POINT (974209.3759546173 8630788.703325663),9,0,False,Coffea_tsirananae,160.0,11.0,284.0,7929.0,6.0,20.0,5.0,1.0,55.0
tsirananae_3723,4326,49.358333,-12.366667,POINT (974211.5802193963 8629032.287675096),9,0,False,Coffea_tsirananae,178.0,22.0,257.0,7175.0,6.0,20.0,5.0,1.0,46.0
tsirananae_3724,4326,49.366667,-12.366667,POINT (975119.9734525975 8629017.445573822),9,0,False,Coffea_tsirananae,225.0,15.0,134.0,7613.0,5.0,23.0,5.0,1.0,65.0
tsirananae_3725,4326,49.370555,-12.051886,POINT (976107.9081917845 8663911.926439818),9,8,False,Coffea_tsirananae,,,,,,,25.0,,
tsirananae_3726,4326,49.371244,-12.226533,POINT (975871.8191408159 8644546.725111166),9,6,False,Coffea_tsirananae,,,,,2.0,,25.0,1.0,
tsirananae_3727,4326,49.389809,-12.366895,POINT (977642.0487593433 8628950.801429057),9,0,False,Coffea_tsirananae,263.0,12.0,291.0,7963.0,5.0,23.0,5.0,1.0,55.0
tsirananae_3728,4326,49.397008,-12.255726,POINT (978628.8604573454 8641264.21378152),9,8,False,Coffea_tsirananae,,,,,,,25.0,,
vatovavyensis_3729,4326,47.866667,-21.383333,POINT (797253.6520891015 7632714.03380194),9,0,False,Coffea_vatovavyensis,78.0,6.0,11.0,7706.0,10.0,11.0,16.0,3.0,0.0
vatovavyensis_3730,4326,47.933333,-21.4,POINT (804136.3625319668 7630739.814647073),9,0,False,Coffea_vatovavyensis,211.0,18.0,347.0,8061.0,10.0,11.0,16.0,3.0,18.0
vianneyi_3732,4326,47.863972,-21.382389,POINT (796975.9344399704 7632823.713043112),9,0,False,Coffea_vianneyi,201.0,15.0,48.0,7777.0,10.0,11.0,16.0,3.0,0.0
vianneyi_3733,4326,47.866667,-21.383333,POINT (797253.6520891015 7632714.03380194),9,0,False,Coffea_vianneyi,78.0,6.0,11.0,7706.0,10.0,11.0,16.0,3.0,0.0
vianneyi_3734,4326,47.867861,-21.377889,POINT (797388.5523752098 7633314.85921484),9,0,False,Coffea_vianneyi,92.0,13.0,173.0,6717.0,10.0,11.0,16.0,3.0,16.0
