specimen_id,latitude,longitude
C_abbayesii_A601_1,-24.36666,46.45
C_abbayesii_A601_2,-24.73,46.83
C_abbayesii_A601_3,-24.7333,46.8333
C_abbayesii_A601_4,-24.66667,46.83333
C_abbayesii_A601_5,-24.733333,46.833333
C_abbayesii_A601_6,-24.8,46.85
C_abbayesii_A601_7,-24.760833,46.863333
C_abbayesii_A601_8,-24.836667,46.962222
C_abbayesii_A601_9,-24.842778,47.136111
C_abbayesii_A601_10,-24.835833,47.136667
C_abbayesii_A601_11,-24.835216,47.1401
C_abbayesii_A601_12,-24.796389,47.166111
C_abbayesii_A601_13,-21.3825,47.863889
C_abbayesii_A601_14,-21.383333,47.866667
C_abbayesii_A601_15,-21.377889,47.867861
C_andrambovatensis_A310_1,-21.516667,47.75
C_andrambovatensis_A310_2,-21.525,47.758333
C_andrambovatensis_A310_3,-21.383333,47.866667
C_arenesiana_A403_1,-18.939287,47.5331
C_arenesiana_A403_2,-18.919722,47.928889
C_arenesiana_A403_3,-18.883333,48.033333
C_arenesiana_A403_4,-19.177222,48.216667
C_arenesiana_A403_5,-19.177222,48.228611
C_arenesiana_A403_6,-19.120401,48.254139
C_arenesiana_A403_7,-18.95,48.275
C_bertrandii_A5_1,-24.820319,46.486576
C_bertrandii_A5_2,-25.01666,46.63333
C_bertrandii_A5_3,-25.023333,46.639722
C_bertrandii_A5_4,-25.03333,46.66666
C_bertrandii_A5_5,-25.122222,46.674722
C_bertrandii_A5_6,-25.06667,46.68333
C_bertrandii_A5_7,-25.066667,46.683333
C_bertrandii_A5_8,-25.15,46.75833
C_bertrandii_A5_9,-21.383333,47.866667
C_dubardii_A969_1,-16.931667,44.732222
C_dubardii_A969_2,-16.958611,44.749166
C_dubardii_A969_3,-16.958611,44.749167
C_dubardii_A969_4,-15.066667,47.233333
C_dubardii_A969_5,-15.016667,47.266667
C_dubardii_A969_6,-21.3825,47.863889
C_dubardii_A969_7,-21.382389,47.863972
C_dubardii_A969_8,-21.375833,47.8675
C_dubardii_A969_9,-12.922222,49.055556
C_dubardii_A969_10,-12.85,49.066667
C_dubardii_A969_11,-12.9325,49.072222
C_dubardii_A969_12,-12.5,49.08333
C_dubardii_A969_13,-12.9,49.083333
C_dubardii_A969_14,-12.9,49.1
C_dubardii_A969_15,-12.846388,49.105
C_dubardii_A969_16,-12.84639,49.105
C_dubardii_A969_17,-12.8464,49.105
C_dubardii_A969_18,-12.91638,49.10666
C_dubardii_A969_19,-12.916389,49.106667
C_dubardii_A969_20,-12.91639,49.10667
C_dubardii_A969_21,-12.91,49.106944
C_dubardii_A969_22,-12.90888,49.10972
C_dubardii_A969_23,-12.91167,49.11167
C_dubardii_A969_24,-12.933333,49.116667
C_dubardii_A969_25,-12.93333,49.11667
C_dubardii_A969_26,-12.57,49.13
C_dubardii_A969_27,-12.566667,49.133333
C_dubardii_A969_28,-12.75,49.133333
C_dubardii_A969_29,-12.95,49.16667
C_dubardii_A969_30,-12.487778,49.1725
C_dubardii_A969_31,-12.48778,49.1725
C_dubardii_A969_32,-12.482778,49.174722
C_dubardii_A969_33,-12.479722,49.213056
C_dubardii_A969_34,-12.578889,49.218333
C_dubardii_A969_35,-12.86666,49.23333
C_dubardii_A969_36,-12.459167,49.256111
C_dubardii_A969_37,-12.825,49.258333
C_dubardii_A969_38,-12.38333,49.33333
C_dubardii_A969_39,-13.18,49.7
C_dubardii_A969_40,-13.2,49.766667
C_dubardii_A969_41,-13.613056,49.985833
C_farafanganensis_A208_1,-23.141667,47.641667
C_farafanganensis_A208_2,-23.0,47.7
C_farafanganensis_A208_3,-21.3825,47.863889
C_farafanganensis_A208_4,-21.382389,47.863972
C_farafanganensis_A208_5,-21.383333,47.866667
C_heimii_A516_1,-19.37333,46.70611
C_heimii_A516_2,-21.3825,47.863889
C_heimii_A516_3,-21.383333,47.866667
C_heimii_A516_4,-12.221671,49.202966
C_heimii_A516_5,-12.281807,49.226443
C_heimii_A516_6,-12.279828,49.263119
C_heimii_A516_7,-12.398991,49.2757
C_heimii_A516_8,-12.318289,49.303872
C_heimii_A516_9,-12.355424,49.306528
C_heimii_A516_10,-12.231176,49.319958
C_heimii_A516_11,-12.396327,49.3425
C_heimii_A516_12,-12.210881,49.347115
C_heimii_A516_13,-12.37361,49.35305
C_heimii_A516_14,-12.322474,49.387585
C_heimii_A516_15,-12.38876,49.398762
C_heimii_A516_16,-12.56666,49.43333
C_heimii_A516_17,-12.566667,49.433333
C_heimii_A516_18,-12.278797,49.435269
C_heimii_A516_19,-12.593611,49.442777
C_heimii_A516_20,-12.58472,49.45611
C_heimii_A516_21,-12.580463,49.549809
C_heimii_A516_22,-12.454103,49.569592
C_heimii_A516_23,-12.970278,49.583333
C_homollei_A945_1,-21.3825,47.863889
C_homollei_A945_2,-21.383333,47.866667
C_homollei_A945_3,-19.163056,48.581389
C_homollei_A945_4,-17.50388,48.73111
C_homollei_A945_5,-17.503889,48.731111
C_homollei_A945_6,-17.916667,49.2
C_homollei_A945_7,-17.931667,49.203333
C_homollei_A945_8,-16.8625,49.26694
C_homollei_A945_9,-16.8625,49.266944
C_humbertii_RNF785_1,-23.078725,43.610638
C_humbertii_RNF785_2,-23.250722,43.625805
C_humbertii_RNF785_3,-23.250722,43.625806
C_humbertii_RNF785_4,-23.066388,43.665555
C_humbertii_RNF785_5,-23.002222,43.714444
C_humbertii_RNF785_6,-23.451389,43.784722
C_humbertii_RNF785_7,-22.875,43.7975
C_humbertii_RNF785_8,-23.2,43.916667
C_humbertii_RNF785_9,-23.26667,43.98333
C_humbertii_RNF785_10,-23.266667,43.983333
C_humbertii_RNF785_11,-23.266667,43.983334
C_humbertii_RNF785_12,-23.216667,44.033333
C_humbertii_RNF785_13,-23.188611,44.0525
C_humbertii_RNF785_14,-23.186389,44.052778
C_humbertii_RNF785_15,-23.133333,44.1
C_humbertii_RNF785_16,-23.5318,44.1366
C_humbertii_RNF785_17,-23.526389,44.155
C_humbertii_RNF785_18,-23.88333,44.28333
C_humbertii_RNF785_19,-23.883333,44.283333
C_humbertii_RNF785_20,-23.883334,44.283333
C_humbertii_RNF785_21,-23.733333,44.35
C_humbertii_RNF785_22,-23.733333,44.383333
C_humbertii_RNF785_23,-23.833333,44.4
C_humbertii_RNF785_24,-22.92,44.58
C_humbertii_RNF785_25,-22.916667,44.583333
C_humbertii_RNF785_26,-23.650485,44.632515
C_humbertii_RNF785_27,-23.66666,44.63333
C_humbertii_RNF785_28,-23.666667,44.633333
C_humbertii_RNF785_29,-23.66666,44.65
C_humbertii_RNF785_30,-22.83,44.68
C_humbertii_RNF785_31,-22.88,44.68
C_humbertii_RNF785_32,-22.878083,44.681028
C_humbertii_RNF785_33,-22.783333,44.683333
C_humbertii_RNF785_34,-22.888583,44.690055
C_humbertii_RNF785_35,-22.7,44.7
C_humbertii_RNF785_36,-20.166667,45.1
C_humbertii_RNF785_37,-20.183333,45.116667
C_kianjavatensis_A602_1,-21.383333,47.85
C_kianjavatensis_A602_2,-21.38028,47.85861
C_kianjavatensis_A602_3,-21.383333,47.866667
C_kianjavatensis_A602_4,-21.388333,47.939444
C_lancifolia_A320_1,-21.383333,47.866667
C_lancifolia_A320_2,-17.931666,49.203333
C_lancifolia_A320_3,-17.931667,49.203333
C_leroyi_A315_1,-23.25,44.01667
C_leroyi_A315_2,-21.283333,47.65
C_leroyi_A315_3,-21.38333,47.86666
C_leroyi_A315_4,-21.383333,47.866667
C_leroyi_A315_5,-21.375,47.867778
C_leroyi_A315_6,-17.54222,48.72222
C_leroyi_A315_7,-17.484167,48.746667
C_leroyi_A315_8,-17.50694,48.76777
C_leroyi_A315_9,-14.33666,49.28583
C_leroyi_A315_10,-14.325556,49.301389
C_leroyi_A315_11,-14.30166,49.31111
C_leroyi_A315_12,-14.61111,49.40333
C_leroyi_A315_13,-14.58777,49.68888
C_leroyi_A315_14,-14.58778,49.68889
C_millotii_A222_1,-23.0,47.0
C_millotii_A222_2,-21.3825,47.863889
C_millotii_A222_3,-21.383333,47.866667
C_millotii_A222_4,-21.376389,47.867222
C_millotii_A222_5,-21.375833,47.8675
C_millotii_A222_6,-21.375278,47.868333
C_millotii_A222_7,-21.376944,47.870278
C_millotii_A222_8,-21.402778,47.941111
C_millotii_A222_9,-21.406944,47.9425
C_millotii_A222_10,-18.866111,48.292499
C_millotii_A222_11,-18.86611,48.2925
C_millotii_A222_12,-18.86944,48.31888
C_millotii_A222_13,-18.869444,48.318888
C_millotii_A222_14,-19.158611,48.556111
C_millotii_A222_15,-17.53333,48.88333
C_millotii_A222_16,-17.53333,48.89306
C_millotii_A222_17,-18.036111,49.198056
C_millotii_A222_18,-17.93167,49.20333
C_millotii_A222_19,-17.931667,49.203333
C_millotii_A222_20,-14.7,49.45
C_millotii_A222_21,-17.704817,49.45445
C_millotii_A222_22,-13.218889,49.550833
C_millotii_A222_23,-15.433333,49.733333
C_millotii_A222_24,-15.48333,49.75
C_millotii_A222_25,-15.5,49.76666
C_millotii_A222_26,-15.5,49.766667
C_millotii_A222_27,-15.4944,49.7694
C_millotii_A222_28,-16.4525,49.786667
C_millotii_A222_29,-16.474388,49.7904
C_millotii_A222_30,-14.401111,49.861111
C_millotii_A222_31,-15.41666,49.86666
C_millotii_A222_32,-15.066667,49.95
C_millotii_A222_33,-15.61666,49.96666
C_millotii_A222_34,-15.68333,49.96666
C_millotii_A222_35,-15.62083,49.98194
C_millotii_A222_36,-15.80555,50.20694
C_millotii_A222_37,-15.6925,50.225
C_millotii_A222_38,-15.68333,50.25
C_perrieri_A12_1,-18.043941,44.050504
C_perrieri_A12_2,-22.707778,44.145556
C_perrieri_A12_3,-22.718056,44.156111
C_perrieri_A12_4,-22.845833,44.263056
C_perrieri_A12_5,-22.853611,44.272222
C_perrieri_A12_6,-22.820556,44.287778
C_perrieri_A12_7,-22.820833,44.288056
C_perrieri_A12_8,-18.035903,44.324103
C_perrieri_A12_9,-17.93972,44.47222
C_perrieri_A12_10,-17.939722,44.472222
C_perrieri_A12_11,-18.027778,44.516667
C_perrieri_A12_12,-18.11139,44.56194
C_perrieri_A12_13,-18.111388,44.561944
C_perrieri_A12_14,-18.111389,44.561944
C_perrieri_A12_15,-19.141667,44.791667
C_perrieri_A12_16,-16.216667,45.116667
C_perrieri_A12_17,-21.188611,45.365556
C_perrieri_A12_18,-22.153056,45.375278
C_perrieri_A12_19,-22.486389,45.375278
C_perrieri_A12_20,-17.067958,45.985053
C_perrieri_A12_21,-17.06269,45.989
C_perrieri_A12_22,-17.052635,45.989986
C_perrieri_A12_23,-17.044592,45.993359
C_perrieri_A12_24,-17.117573,46.015693
C_perrieri_A12_25,-17.117819,46.015711
C_perrieri_A12_26,-24.310833,46.109722
C_perrieri_A12_27,-24.303611,46.145833
C_perrieri_A12_28,-24.33638,46.15777
C_perrieri_A12_29,-24.560833,46.333889
C_perrieri_A12_30,-25.023333,46.473056
C_perrieri_A12_31,-24.793889,46.599722
C_perrieri_A12_32,-24.8,46.6
C_perrieri_A12_33,-24.80373,46.60223
C_perrieri_A12_34,-24.806111,46.603611
C_perrieri_A12_35,-24.806111,46.611944
C_perrieri_A12_36,-25.023333,46.639722
C_perrieri_A12_37,-24.798889,46.673333
C_perrieri_A12_38,-22.316667,46.783333
C_perrieri_A12_39,-16.763061,47.01973
C_perrieri_A12_40,-14.79531,47.781762
C_perrieri_A12_41,-21.3825,47.863889
C_perrieri_A12_42,-21.376389,47.867222
C_perrieri_A12_43,-14.28333,49.76667
C_pervilleana_A957_1,-17.54361,44.28417
C_pervilleana_A957_2,-17.543506,44.2843
C_pervilleana_A957_3,-18.01528,44.30139
C_pervilleana_A957_4,-18.015404,44.301506
C_pervilleana_A957_5,-18.033509,44.315803
C_pervilleana_A957_6,-18.03361,44.31583
C_pervilleana_A957_7,-18.035903,44.324308
C_pervilleana_A957_8,-18.941667,44.433333
C_pervilleana_A957_9,-18.032096,44.497196
C_pervilleana_A957_10,-18.061111,44.516667
C_pervilleana_A957_11,-18.117777,44.561388
C_pervilleana_A957_12,-18.117778,44.561389
C_pervilleana_A957_13,-18.11778,44.56139
C_pervilleana_A957_14,-18.683333,44.775
C_pervilleana_A957_15,-16.433333,45.35
C_pervilleana_A957_16,-17.077081,45.920397
C_pervilleana_A957_17,-17.07882,45.923007
C_pervilleana_A957_18,-19.373383,46.70604
C_pervilleana_A957_19,-16.3,46.816667
C_pervilleana_A957_20,-21.383333,47.866667
C_pervilleana_A957_21,-21.376389,47.8675
C_pervilleana_A957_22,-13.33333,48.25
C_pervilleana_A957_23,-13.41666,48.3
C_pervilleana_A957_24,-13.423611,48.313333
C_pervilleana_A957_25,-13.42111,48.31388
C_pervilleana_A957_26,-13.42111,48.31389
C_pervilleana_A957_27,-13.40833,48.32222
C_pervilleana_A957_28,-13.416667,48.333333
C_pervilleana_A957_29,-13.587777,48.666667
C_pervilleana_A957_30,-12.53333,49.16667
C_pervilleana_A957_31,-12.37888,49.36583
C_resinosa_A8_1,-23.0,47.0
C_resinosa_A8_2,-23.183333,47.683333
C_resinosa_A8_3,-23.175556,47.699444
C_resinosa_A8_4,-23.17666,47.70027
C_resinosa_A8_5,-23.178611,47.700278
C_resinosa_A8_6,-23.17222,47.70111
C_resinosa_A8_7,-23.175278,47.701944
C_resinosa_A8_8,-23.17222,47.70638
C_resinosa_A8_9,-23.1775,47.70666
C_resinosa_A8_10,-23.170278,47.724167
C_resinosa_A8_11,-23.013667,47.727056
C_resinosa_A8_12,-23.166667,47.733333
C_resinosa_A8_13,-23.089722,47.753611
C_resinosa_A8_14,-23.09,47.755
C_resinosa_A8_15,-23.083889,47.757778
C_resinosa_A8_16,-23.08277,47.76444
C_resinosa_A8_17,-23.082778,47.764444
C_resinosa_A8_18,-23.04,47.77
C_resinosa_A8_19,-23.045858,47.771282
C_resinosa_A8_20,-23.04138,47.77305
C_resinosa_A8_21,-23.042499,47.773055
C_resinosa_A8_22,-23.041389,47.773056
C_resinosa_A8_23,-21.375833,47.8675
C_resinosa_A8_24,-18.791944,48.343055
C_resinosa_A8_25,-20.95027,48.43388
C_resinosa_A8_26,-20.801944,48.482222
C_resinosa_A8_27,-20.76222,48.48527
C_resinosa_A8_28,-20.73944,48.4875
C_resinosa_A8_29,-20.58333,48.53333
C_resinosa_A8_30,-20.3725,48.554167
C_resinosa_A8_31,-20.35944,48.60583
C_resinosa_A8_32,-20.359444,48.605833
C_resinosa_A8_33,-13.58,48.7
C_resinosa_A8_34,-17.0,49.0
C_resinosa_A8_35,-18.85,49.13333
C_resinosa_A8_36,-18.85,49.133333
C_resinosa_A8_37,-18.816667,49.141667
C_resinosa_A8_38,-18.8175,49.141667
C_resinosa_A8_39,-12.483333,49.166667
C_resinosa_A8_40,-18.595,49.23388
C_resinosa_A8_41,-18.595139,49.234
C_resinosa_A8_42,-18.565556,49.256667
C_resinosa_A8_43,-17.28333,49.38333
C_resinosa_A8_44,-17.28333,49.39166
C_resinosa_A8_45,-17.28333,49.4
C_resinosa_A8_46,-17.688889,49.405833
C_resinosa_A8_47,-17.28777,49.41083
C_resinosa_A8_48,-17.287778,49.410833
C_resinosa_A8_49,-17.675,49.49166
C_resinosa_A8_50,-16.9,49.58333
C_resinosa_A8_51,-13.258056,49.606667
C_resinosa_A8_52,-13.2581,49.6067
C_resinosa_A8_53,-15.46666,49.66666
C_resinosa_A8_54,-16.86666,49.66666
C_resinosa_A8_55,-16.765833,49.678333
C_resinosa_A8_56,-16.867389,49.681278
C_resinosa_A8_57,-15.825,49.68333
C_resinosa_A8_58,-15.46666,49.7
C_resinosa_A8_59,-15.88333,49.7
C_resinosa_A8_60,-16.76055,49.70611
C_resinosa_A8_61,-16.760556,49.706111
C_resinosa_A8_62,-16.76111,49.70972
C_resinosa_A8_63,-15.9,49.71666
C_resinosa_A8_64,-16.70194,49.72388
C_resinosa_A8_65,-16.70194,49.72416
C_resinosa_A8_66,-16.69166,49.73333
C_resinosa_A8_67,-16.69166,49.74166
C_resinosa_A8_68,-16.56666,49.81666
C_resinosa_A8_69,-16.45,49.85
C_resinosa_A8_70,-15.35833,49.93333
C_resinosa_A8_71,-14.31666,50.1875
C_richardii_A575_1,-21.3825,47.863889
C_richardii_A575_2,-21.376389,47.8675
C_richardii_A575_3,-19.044722,48.950556
C_richardii_A575_4,-18.824722,48.9525
C_richardii_A575_5,-17.0,49.0
C_richardii_A575_6,-18.006389,49.21
C_richardii_A575_7,-18.198825,49.242218
C_richardii_A575_8,-18.040833,49.2425
C_richardii_A575_9,-18.55944,49.25027
C_richardii_A575_10,-18.56527,49.25611
C_richardii_A575_11,-18.56555,49.25666
C_richardii_A575_12,-18.565556,49.256667
C_richardii_A575_13,-17.956667,49.308889
C_richardii_A575_14,-16.865833,49.3125
C_richardii_A575_15,-17.913889,49.318056
C_richardii_A575_16,-17.965278,49.3275
C_richardii_A575_17,-18.057222,49.340278
C_richardii_A575_18,-17.429905,49.370938
C_richardii_A575_19,-17.500201,49.380748
C_richardii_A575_20,-17.28333,49.38333
C_richardii_A575_21,-17.28333,49.4
C_richardii_A575_22,-17.287778,49.410833
C_richardii_A575_23,-17.780204,49.411718
C_richardii_A575_24,-17.667906,49.422757
C_richardii_A575_25,-17.7,49.43333
C_richardii_A575_26,-17.7,49.45
C_richardii_A575_27,-17.70305,49.45833
C_richardii_A575_28,-17.705556,49.459444
C_richardii_A575_29,-17.636398,49.506512
C_richardii_A575_30,-17.665406,49.551854
C_richardii_A575_31,-17.626077,49.555672
C_richardii_A575_32,-16.916667,49.583333
C_richardii_A575_33,-15.91666,49.71666
C_richardii_A575_34,-15.3,49.866667
C_richardii_A575_35,-15.3,49.86667
C_richardii_A575_36,-14.112778,49.990556
C_richardii_A575_37,-14.1,50.0
C_richardii_A575_38,-14.100833,50.007222
C_richardii_A575_39,-14.101111,50.016389
C_richardii_A575_40,-14.10777,50.03972
C_richardii_A575_41,-14.101389,50.041667
C_richardii_A575_42,-14.108333,50.042222
C_tetragona_A252_1,-18.033509,44.315803
C_tetragona_A252_2,-18.03361,44.31583
C_tetragona_A252_3,-18.035903,44.324308
C_tetragona_A252_4,-18.03583,44.32444
C_tetragona_A252_5,-18.032096,44.497196
C_tetragona_A252_6,-18.04778,44.50722
C_tetragona_A252_7,-18.047778,44.507222
C_tetragona_A252_8,-18.061111,44.516667
C_tetragona_A252_9,-15.03306,47.78667
C_tetragona_A252_10,-21.033333,47.866667
C_tetragona_A252_11,-21.374722,47.8675
C_tetragona_A252_12,-13.77,47.99
C_tetragona_A252_13,-13.77222,47.99889
C_tetragona_A252_14,-13.78333,48.5
C_tetragona_A252_15,-13.79638,48.80222
C_tsirananae_A515_1,-21.382389,47.863972
C_tsirananae_A515_2,-12.923056,49.086389
C_tsirananae_A515_3,-12.921389,49.093889
C_tsirananae_A515_4,-12.916667,49.116667
C_tsirananae_A515_5,-12.9,49.133333
C_tsirananae_A515_6,-12.233333,49.15
C_tsirananae_A515_7,-12.233333,49.166667
C_tsirananae_A515_8,-12.347115,49.201725
C_tsirananae_A515_9,-12.17833,49.21111
C_tsirananae_A515_10,-12.165556,49.218611
C_tsirananae_A515_11,-12.50737,49.219958
C_tsirananae_A515_12,-12.254734,49.220055
C_tsirananae_A515_13,-12.25,49.25
C_tsirananae_A515_14,-12.266667,49.25
C_tsirananae_A515_15,-12.267834,49.251149
C_tsirananae_A515_16,-12.382886,49.251716
C_tsirananae_A515_17,-12.314212,49.266346
C_tsirananae_A515_18,-12.403209,49.281018
C_tsirananae_A515_19,-12.355806,49.286155
C_tsirananae_A515_20,-12.30587,49.297935
C_tsirananae_A515_21,-12.17709,49.299349
C_tsirananae_A515_22,-12.239535,49.322106
C_tsirananae_A515_23,-12.338667,49.322727
C_tsirananae_A515_24,-12.37262,49.322867
C_tsirananae_A515_25,-12.276174,49.333392
C_tsirananae_A515_26,-12.3225,49.336944
C_tsirananae_A515_27,-12.323889,49.3375
C_tsirananae_A515_28,-12.302029,49.340235
C_tsirananae_A515_29,-12.383784,49.352042
C_tsirananae_A515_30,-12.37361,49.35305
C_tsirananae_A515_31,-12.373611,49.353056
C_tsirananae_A515_32,-12.251702,49.355849
C_tsirananae_A515_33,-12.35083,49.35805
C_tsirananae_A515_34,-12.366667,49.358333
C_tsirananae_A515_35,-12.366667,49.366667
C_tsirananae_A515_36,-12.051886,49.370555
C_tsirananae_A515_37,-12.226533,49.371244
C_tsirananae_A515_38,-12.366895,49.389809
C_tsirananae_A515_39,-12.255726,49.397008
C_vatovavyensis_A830_1,-21.383333,47.866667
C_vatovavyensis_A830_2,-21.4,47.933333
C_vianneyi_A946_1,-21.382389,47.863972
C_vianneyi_A946_2,-21.383333,47.866667
C_vianneyi_A946_3,-21.377889,47.867861
