,C_abbayesii_A601,C_andrambovatensis_A310,C_arenesiana_A403,C_bertrandii_A5,C_dubardii_A969,C_farafanganensis_A208,C_heimii_A516,C_homollei_A945,C_humbertii_RNF785,C_kianjavatensis_A602,C_lancifolia_A320,C_leroyi_A315,C_millotii_A222,C_perrieri_A12,C_pervilleana_A957,C_resinosa_A8,C_richardii_A575,C_tetragona_A252,C_tsirananae_A515,C_vatovavyensis_A830,C_vianneyi_A946
C_abbayesii_A601,0.0,372.97066201710993,644.4666061121011,42.12352400835462,1347.1422651412438,384.72177306870316,1388.7828328605146,384.71414651469223,321.84786082365724,384.9654758034443,790.6314409986204,1169.0604914859334,1066.856228201042,46.5341177759716,793.9576448520331,198.75706917545693,805.0782068600893,786.370932963101,1392.7216600159043,384.6893276081291,384.92076304694547
C_andrambovatensis_A310,372.97066201710993,0.0,272.8784697389151,411.35870234823165,975.2058759423195,12.724015398905959,1016.4321027238616,12.735380265914632,436.6226461172514,13.538711719671117,419.23128327460506,796.1091524020677,695.0867887323134,381.93985037290656,525.8793853261678,181.630335900277,434.2823526869486,519.4305199179504,1020.6085649814969,14.534885543668073,12.942503232131973
C_arenesiana_A403,644.4666061121011,272.8784697389151,0.0,681.674431117484,702.709879356395,261.9958690725939,744.3421476911667,262.01160725260536,637.4238246315434,262.0023086633502,170.33923455291136,526.2083185343558,434.0420891697481,649.704918287309,404.14758339750523,454.20483584113117,187.7412889430545,400.78491378049745,748.2578123016957,262.711144328256,261.81511960031423
C_bertrandii_A5,42.12352400835462,411.35870234823165,681.674431117484,0.0,1384.0466630929577,423.30909929197117,1425.9611004629433,423.30351334119183,314.9707718699308,423.6117707074394,829.894717374547,1207.0318799382978,1106.052481593341,42.319940554496625,816.2557182527863,239.72785317349505,844.522029469107,808.618486130856,1429.7272348200506,423.4331793411431,423.51170934017597
C_dubardii_A969,1347.1422651412438,975.2058759423195,702.709879356395,1384.0466630929577,0.0,963.9825074223676,45.80503120228702,963.9952551425666,1294.605926130399,963.8946742124436,572.378150619729,190.8587229824495,319.2649709207658,1351.1666307691924,769.0678993117452,1155.7394737875186,561.8925619513951,773.9188021078959,46.14874130933305,964.4417077392694,963.7942935798346
C_farafanganensis_A208,384.72177306870316,12.724015398905959,261.9958690725939,423.30909929197117,963.9825074223676,0.0,1005.0889487622471,0.04916432924285185,448.35199508574283,1.439959549641547,406.99640523750855,784.4683611490351,682.9439883684404,394.18757520751024,523.7532250487562,192.2172829033827,421.97508405542084,517.4074730780441,1009.3346282239768,3.777387354105791,0.21866278404052766
C_heimii_A516,1388.7828328605146,1016.4321027238616,744.3421476911667,1425.9611004629433,45.80503120228702,1005.0889487622471,0.0,1005.1007150659142,1339.581326746598,1004.9714649936178,610.3133977821208,225.7702666219162,350.34043167676634,1393.4333120681783,814.6263199055206,1196.5562877890277,599.2110047070397,819.511669188376,12.689282167836994,1005.470488591333,1004.8984803268092
C_homollei_A945,384.71414651469223,12.735380265914632,262.01160725260536,423.30351334119183,963.9952551425666,0.04916432924285185,1005.1007150659142,0.0,448.3807185285306,1.3934417398646126,406.9989164139858,784.4775255860588,682.9476634414544,394.18567705445395,523.7987474695407,192.2009852759498,421.97651477091074,517.4531494700981,1009.3469627814769,3.728726638685784,0.21085440616320572
C_humbertii_RNF785,321.84786082365724,436.6226461172514,637.4238246315434,314.9707718699308,1294.605926130399,448.35199508574283,1339.581326746598,448.3807185285306,0.0,449.52232429335555,807.1539388668009,1140.2617122764882,1065.8433714142882,278.6143394539473,604.0234960324905,373.2838159885454,824.3343547603048,596.4965933247522,1340.6016015115438,450.979480817785,448.5572454331564
C_kianjavatensis_A602,384.9654758034443,13.538711719671117,262.0023086633502,423.6117707074394,963.8946742124436,1.439959549641547,1004.9714649936178,1.3934417398646126,449.52232429335555,0.0,406.61052789010836,784.2736147706958,682.5902036670933,394.5953371418088,524.8447837741783,192.20255725516915,421.55869441417514,518.5068632647341,1009.2342591693589,2.375431837277739,1.3296329048902762
C_lancifolia_A320,790.6314409986204,419.23128327460506,170.33923455291136,829.894717374547,572.378150619729,406.99640523750855,610.3133977821208,406.9989164139858,807.1539388668009,406.61052789010836,0.0,385.23131357350303,276.23075417632833,801.1686670010962,508.61646162687833,593.847375966948,17.530176898368552,507.42722128633693,616.0746378775358,406.66944365876225,406.7890405566746
C_leroyi_A315,1169.0604914859334,796.1091524020677,526.2083185343558,1207.0318799382978,190.8587229824495,784.4683611490351,225.7702666219162,784.4775255860588,1140.2617122764882,784.2736147706958,385.23131357350303,0.0,130.66402640144108,1175.7462473230203,664.8088994011066,974.9359218987016,373.7240635726721,668.2165779606281,232.38029122563424,784.6478697208642,784.27235704309
C_millotii_A222,1066.856228201042,695.0867887323134,434.0420891697481,1106.052481593341,319.2649709207658,682.9439883684404,350.34043167676634,682.9476634414544,1065.8433714142882,682.5902036670933,276.23075417632833,130.66402640144108,0.0,1076.9683088548732,648.7902238871868,869.9739449689573,262.11851043454345,650.7767804747733,358.30464546446865,682.6994269801389,682.7383271165688
C_perrieri_A12,46.5341177759716,381.93985037290656,649.704918287309,42.319940554496625,1351.1666307691924,394.18757520751024,1393.4333120681783,394.18567705445395,278.6143394539473,394.5953371418088,801.1686670010962,1175.7462473230203,1076.9683088548732,0.0,774.6267396038897,218.00462599209956,816.1531893024877,766.9806413398608,1396.9656413483108,394.59623800494853,394.3957928090652
C_pervilleana_A957,793.9576448520331,525.8793853261678,404.14758339750523,816.2557182527863,769.0678993117452,523.7532250487562,814.6263199055206,523.7987474695407,604.0234960324905,524.8447837741783,508.61646162687833,664.8088994011066,648.7902238871868,774.6267396038897,0.0,666.9271815511958,522.7470228873434,7.697147933678906,812.0451913776427,527.0164726588262,523.7280485370416
C_resinosa_A8,198.75706917545693,181.630335900277,454.20483584113117,239.72785317349505,1155.7394737875186,192.2172829033827,1196.5562877890277,192.2009852759498,373.2838159885454,192.20255725516915,593.847375966948,974.9359218987016,869.9739449689573,218.00462599209956,666.9271815511958,0.0,607.9030537798602,659.784405170714,1200.9756097312256,191.51865579903222,192.39658211615813
C_richardii_A575,805.0782068600893,434.2823526869486,187.7412889430545,844.522029469107,561.8925619513951,421.97508405542084,599.2110047070397,421.97651477091074,824.3343547603048,421.55869441417514,17.530176898368552,373.7240635726721,262.11851043454345,816.1531893024877,522.7470228873434,607.9030537798602,0.0,521.7098042630587,605.2254625548929,421.56479276765185,421.7662432975891
C_tetragona_A252,786.370932963101,519.4305199179504,400.78491378049745,808.618486130856,773.9188021078959,517.4074730780441,819.511669188376,517.4531494700981,596.4965933247522,518.5068632647341,507.42722128633693,668.2165779606281,650.7767804747733,766.9806413398608,7.697147933678906,659.784405170714,521.7098042630587,0.0,817.0208690853152,520.6865376673011,517.3841177386844
C_tsirananae_A515,1392.7216600159043,1020.6085649814969,748.2578123016957,1429.7272348200506,46.14874130933305,1009.3346282239768,12.689282167836994,1009.3469627814769,1340.6016015115438,1009.2342591693589,616.0746378775358,232.38029122563424,358.30464546446865,1396.9656413483108,812.0451913776427,1200.9756097312256,605.2254625548929,817.0208690853152,0.0,1009.7609055081817,1009.1454538563695
C_vatovavyensis_A830,384.6893276081291,14.534885543668073,262.711144328256,423.4331793411431,964.4417077392694,3.777387354105791,1005.470488591333,3.728726638685784,450.979480817785,2.375431837277739,406.66944365876225,784.6478697208642,682.6994269801389,394.59623800494853,527.0164726588262,191.51865579903222,421.56479276765185,520.6865376673011,1009.7609055081817,0.0,3.694839447549781
C_vianneyi_A946,384.92076304694547,12.942503232131973,261.81511960031423,423.51170934017597,963.7942935798346,0.21866278404052766,1004.8984803268092,0.21085440616320572,448.5572454331564,1.3296329048902762,406.7890405566746,784.27235704309,682.7383271165688,394.3957928090652,523.7280485370416,192.39658211615813,421.7662432975891,517.3841177386844,1009.1454538563695,3.694839447549781,0.0
