env_77_veg_16,clim_60_pet5_may,env_79_forcov,clim_34_prec10_oct,clim_39_isotherm,clim_69_cwd_annual,env_76_soi_9,env_76_soi_10,clim_40_temp_season,env_78_wat_3,clim_70_ndm_per_year,env_73_asp,env_77_veg_14,env_76_soi_11,env_71_alt,caffeine_percent
0.0,84.0,0.0,159.0,58.0,1.0,0.0,0.0,2480.0,0.0,1.0,228.0,0.0,0.0,9.0,0.045
0.0,85.0,28.0,153.0,57.0,0.0,0.0,0.0,2471.0,0.0,0.0,27.0,1.0,0.0,26.0,0.045
1.0,75.0,0.0,172.0,60.0,26.0,0.0,0.0,2510.0,1.0,1.0,48.0,0.0,1.0,201.0,0.045
1.0,75.0,0.0,172.0,60.0,26.0,0.0,0.0,2510.0,1.0,1.0,48.0,0.0,1.0,201.0,0.045
1.0,77.0,0.0,172.0,60.0,27.0,0.0,0.0,2493.0,1.0,1.0,11.0,0.0,1.0,78.0,0.045
1.0,75.0,0.0,172.0,60.0,26.0,0.0,0.0,2510.0,1.0,1.0,48.0,0.0,1.0,201.0,0.06
1.0,77.0,0.0,172.0,60.0,27.0,0.0,0.0,2493.0,1.0,1.0,11.0,0.0,1.0,78.0,0.06
0.0,70.0,56.0,143.0,63.0,13.0,0.0,0.0,2523.0,0.0,1.0,56.0,1.0,1.0,635.0,0.06
0.0,64.0,100.0,105.0,67.0,196.0,1.0,0.0,2486.0,0.0,7.0,214.0,1.0,0.0,1090.0,0.06
0.0,64.0,100.0,105.0,67.0,196.0,1.0,0.0,2486.0,0.0,7.0,214.0,1.0,0.0,1090.0,0.06
0.0,87.0,77.0,141.0,59.0,12.0,0.0,0.0,2455.0,0.0,1.0,219.0,1.0,0.0,461.0,0.06
1.0,89.0,13.0,148.0,60.0,11.0,0.0,0.0,2386.0,0.0,1.0,156.0,0.0,1.0,321.0,0.06
0.0,76.0,87.0,116.0,64.0,20.0,0.0,0.0,2315.0,0.0,1.0,258.0,1.0,1.0,518.0,0.06
0.0,76.0,87.0,116.0,64.0,20.0,0.0,0.0,2315.0,0.0,1.0,258.0,1.0,1.0,518.0,0.06
1.0,73.0,0.0,170.0,60.0,27.0,0.0,0.0,2532.0,1.0,1.0,1.0,0.0,1.0,180.0,0.7
1.0,75.0,0.0,172.0,60.0,28.0,0.0,0.0,2487.0,1.0,1.0,297.0,0.0,1.0,60.0,0.7
1.0,77.0,0.0,172.0,60.0,27.0,0.0,0.0,2493.0,1.0,1.0,11.0,0.0,1.0,78.0,0.7
1.0,77.0,0.0,173.0,59.0,24.0,0.0,0.0,2483.0,1.0,1.0,241.0,0.0,1.0,67.0,0.7
1.0,77.0,0.0,172.0,60.0,27.0,0.0,0.0,2493.0,1.0,1.0,11.0,0.0,1.0,78.0,0.7
1.0,89.0,13.0,148.0,60.0,11.0,0.0,0.0,2386.0,0.0,1.0,156.0,0.0,1.0,321.0,0.7
1.0,89.0,13.0,148.0,60.0,11.0,0.0,0.0,2386.0,0.0,1.0,156.0,0.0,1.0,321.0,0.7
0.0,77.0,0.0,50.0,66.0,716.0,0.0,0.0,2886.0,0.0,12.0,160.0,0.0,0.0,302.0,0.02
1.0,67.0,1.0,168.0,61.0,37.0,0.0,1.0,2637.0,1.0,1.0,228.0,0.0,0.0,461.0,0.02
1.0,77.0,0.0,172.0,60.0,27.0,0.0,0.0,2493.0,1.0,1.0,11.0,0.0,1.0,78.0,0.02
1.0,77.0,0.0,172.0,60.0,27.0,0.0,0.0,2493.0,1.0,1.0,11.0,0.0,1.0,78.0,0.02
1.0,76.0,16.0,173.0,60.0,27.0,0.0,0.0,2512.0,1.0,1.0,173.0,0.0,1.0,92.0,0.02
0.0,61.0,99.0,107.0,67.0,179.0,1.0,0.0,2478.0,0.0,7.0,290.0,1.0,0.0,1332.0,0.02
0.0,65.0,100.0,105.0,66.0,197.0,1.0,0.0,2488.0,0.0,7.0,16.0,0.0,0.0,992.0,0.02
1.0,67.0,13.0,106.0,66.0,193.0,1.0,0.0,2500.0,0.0,7.0,290.0,0.0,0.0,900.0,0.02
0.0,70.0,85.0,105.0,70.0,121.0,1.0,0.0,2224.0,0.0,6.0,332.0,1.0,0.0,1084.0,0.02
0.0,65.0,59.0,103.0,71.0,102.0,1.0,0.0,2229.0,0.0,6.0,319.0,0.0,0.0,1438.0,0.02
0.0,63.0,100.0,103.0,71.0,97.0,1.0,0.0,2194.0,0.0,6.0,162.0,1.0,0.0,1466.0,0.02
1.0,65.0,96.0,108.0,71.0,54.0,1.0,0.0,2261.0,0.0,4.0,48.0,0.0,0.0,1545.0,0.02
0.0,73.0,95.0,106.0,68.0,21.0,1.0,0.0,2267.0,0.0,3.0,319.0,1.0,0.0,994.0,0.02
0.0,73.0,95.0,106.0,68.0,21.0,1.0,0.0,2267.0,0.0,3.0,319.0,1.0,0.0,994.0,0.02
1.0,75.0,0.0,172.0,60.0,26.0,0.0,0.0,2510.0,1.0,1.0,48.0,0.0,1.0,201.0,0.03
1.0,76.0,16.0,173.0,60.0,27.0,0.0,0.0,2512.0,1.0,1.0,173.0,0.0,1.0,92.0,0.03
0.0,90.0,0.0,136.0,60.0,20.0,0.0,1.0,2174.0,0.0,1.0,221.0,0.0,0.0,37.0,0.03
0.0,87.0,99.0,138.0,61.0,19.0,0.0,1.0,2270.0,0.0,1.0,274.0,1.0,0.0,143.0,0.03
0.0,66.0,85.0,107.0,64.0,71.0,1.0,0.0,2513.0,0.0,3.0,148.0,1.0,0.0,908.0,0.03
1.0,90.0,2.0,151.0,60.0,9.0,0.0,0.0,2362.0,0.0,1.0,161.0,0.0,1.0,270.0,0.03
0.0,94.0,0.0,157.0,59.0,6.0,0.0,1.0,2196.0,0.0,1.0,269.0,0.0,0.0,15.0,0.03
1.0,91.0,2.0,156.0,60.0,7.0,0.0,1.0,2276.0,0.0,1.0,303.0,0.0,0.0,184.0,0.03
0.0,95.0,69.0,146.0,58.0,11.0,0.0,0.0,2202.0,0.0,1.0,252.0,0.0,0.0,23.0,0.03
1.0,94.0,34.0,145.0,57.0,10.0,0.0,0.0,2193.0,0.0,1.0,115.0,0.0,0.0,8.0,0.03
1.0,94.0,34.0,145.0,57.0,10.0,0.0,0.0,2193.0,0.0,1.0,115.0,0.0,0.0,8.0,0.03
1.0,94.0,34.0,145.0,57.0,10.0,0.0,0.0,2193.0,0.0,1.0,115.0,0.0,0.0,8.0,0.03
1.0,92.0,0.0,157.0,60.0,5.0,0.0,1.0,2255.0,0.0,1.0,10.0,0.0,0.0,98.0,0.03
1.0,75.0,67.0,116.0,64.0,19.0,0.0,0.0,2319.0,0.0,1.0,312.0,0.0,1.0,483.0,0.03
1.0,90.0,8.0,154.0,60.0,3.0,0.0,1.0,2278.0,0.0,1.0,257.0,0.0,0.0,183.0,0.03
1.0,90.0,19.0,156.0,60.0,3.0,0.0,1.0,2275.0,0.0,1.0,316.0,0.0,0.0,163.0,0.03
1.0,92.0,0.0,160.0,59.0,0.0,0.0,1.0,2232.0,0.0,1.0,131.0,0.0,0.0,50.0,0.03
1.0,90.0,1.0,149.0,62.0,0.0,0.0,1.0,2214.0,0.0,1.0,205.0,0.0,0.0,46.0,0.03
1.0,90.0,1.0,148.0,62.0,1.0,0.0,0.0,2240.0,0.0,1.0,189.0,0.0,1.0,85.0,0.03
1.0,89.0,8.0,145.0,63.0,1.0,0.0,0.0,2178.0,0.0,1.0,161.0,0.0,0.0,55.0,0.03
1.0,91.0,28.0,146.0,62.0,1.0,0.0,0.0,2149.0,0.0,1.0,351.0,0.0,0.0,14.0,0.03
0.0,92.0,100.0,146.0,62.0,0.0,0.0,0.0,2165.0,0.0,0.0,294.0,0.0,0.0,17.0,0.03
0.0,93.0,0.0,153.0,60.0,2.0,0.0,1.0,2209.0,0.0,1.0,98.0,0.0,0.0,32.0,0.03
1.0,93.0,0.0,150.0,60.0,1.0,0.0,1.0,2217.0,0.0,1.0,15.0,0.0,0.0,32.0,0.03
1.0,92.0,0.0,150.0,60.0,0.0,0.0,1.0,2210.0,0.0,1.0,277.0,0.0,0.0,55.0,0.03
1.0,92.0,41.0,150.0,60.0,0.0,0.0,1.0,2207.0,0.0,1.0,297.0,0.0,0.0,33.0,0.03
0.0,93.0,59.0,150.0,60.0,0.0,0.0,0.0,2193.0,0.0,1.0,147.0,1.0,0.0,50.0,0.03
1.0,94.0,5.0,150.0,59.0,1.0,0.0,0.0,2197.0,0.0,1.0,180.0,0.0,0.0,31.0,0.03
0.0,92.0,0.0,138.0,59.0,0.0,0.0,0.0,2038.0,0.0,1.0,30.0,0.0,0.0,28.0,0.03
1.0,97.0,9.0,113.0,62.0,19.0,0.0,0.0,2079.0,0.0,1.0,231.0,0.0,0.0,34.0,0.03
0.0,77.0,100.0,111.0,64.0,9.0,1.0,0.0,2259.0,0.0,1.0,180.0,1.0,0.0,621.0,0.03
0.0,77.0,100.0,111.0,64.0,9.0,1.0,0.0,2259.0,0.0,1.0,180.0,1.0,0.0,621.0,0.03
1.0,104.0,2.0,95.0,65.0,64.0,0.0,1.0,1792.0,0.0,4.0,177.0,0.0,0.0,106.0,0.03
1.0,100.0,22.0,97.0,66.0,51.0,0.0,1.0,1808.0,0.0,4.0,240.0,0.0,0.0,69.0,0.03
0.0,97.0,17.0,99.0,65.0,40.0,0.0,0.0,1835.0,0.0,4.0,150.0,1.0,0.0,244.0,0.03
0.0,97.0,74.0,98.0,65.0,38.0,0.0,0.0,1836.0,0.0,4.0,341.0,1.0,0.0,297.0,0.03
0.0,98.0,74.0,97.0,65.0,41.0,0.0,0.0,1823.0,0.0,4.0,187.0,1.0,0.0,206.0,0.03
0.0,98.0,87.0,97.0,66.0,40.0,0.0,0.0,1821.0,0.0,4.0,7.0,1.0,0.0,261.0,0.03
0.0,98.0,74.0,97.0,65.0,41.0,0.0,0.0,1823.0,0.0,4.0,187.0,1.0,0.0,206.0,0.03
0.0,101.0,0.0,81.0,65.0,687.0,0.0,0.0,1879.0,0.0,8.0,355.0,0.0,0.0,86.0,0.03
0.0,101.0,0.0,81.0,65.0,687.0,0.0,0.0,1879.0,0.0,8.0,355.0,0.0,0.0,86.0,0.03
0.0,100.0,0.0,82.0,65.0,677.0,0.0,0.0,1866.0,0.0,8.0,223.0,0.0,0.0,98.0,0.03
0.0,100.0,0.0,82.0,65.0,677.0,0.0,0.0,1866.0,0.0,8.0,223.0,0.0,0.0,98.0,0.03
0.0,96.0,3.0,102.0,67.0,603.0,0.0,0.0,1783.0,0.0,8.0,10.0,0.0,0.0,229.0,0.03
0.0,92.0,62.0,105.0,67.0,567.0,0.0,0.0,1799.0,0.0,8.0,208.0,0.0,0.0,259.0,0.03
0.0,92.0,62.0,105.0,67.0,567.0,0.0,0.0,1799.0,0.0,8.0,208.0,0.0,0.0,259.0,0.03
0.0,94.0,42.0,105.0,67.0,580.0,0.0,0.0,1814.0,0.0,8.0,231.0,0.0,0.0,243.0,0.03
0.0,116.0,33.0,129.0,69.0,681.0,0.0,0.0,1488.0,0.0,8.0,98.0,0.0,0.0,201.0,0.03
1.0,71.0,9.0,178.0,61.0,32.0,0.0,1.0,2564.0,1.0,1.0,211.0,0.0,0.0,336.0,0.03
1.0,76.0,16.0,173.0,60.0,27.0,0.0,0.0,2512.0,1.0,1.0,173.0,0.0,1.0,92.0,0.03
0.0,115.0,72.0,169.0,71.0,465.0,0.0,0.0,1230.0,0.0,7.0,58.0,0.0,0.0,122.0,0.03
0.0,112.0,96.0,168.0,71.0,450.0,0.0,0.0,1222.0,0.0,7.0,176.0,1.0,0.0,267.0,0.03
0.0,114.0,29.0,161.0,69.0,409.0,0.0,0.0,1387.0,0.0,7.0,111.0,0.0,0.0,55.0,0.03
0.0,68.0,96.0,104.0,71.0,226.0,1.0,0.0,1854.0,0.0,6.0,267.0,1.0,0.0,1128.0,0.03
1.0,77.0,0.0,172.0,60.0,27.0,0.0,0.0,2493.0,1.0,1.0,11.0,0.0,1.0,78.0,0.01
1.0,73.0,18.0,171.0,59.0,23.0,0.0,0.0,2525.0,1.0,1.0,347.0,0.0,1.0,211.0,0.01
1.0,75.0,0.0,172.0,60.0,26.0,0.0,0.0,2510.0,1.0,1.0,48.0,0.0,1.0,201.0,0.04
1.0,77.0,0.0,172.0,60.0,27.0,0.0,0.0,2493.0,1.0,1.0,11.0,0.0,1.0,78.0,0.04
1.0,76.0,16.0,173.0,60.0,27.0,0.0,0.0,2512.0,1.0,1.0,173.0,0.0,1.0,92.0,0.04
0.9492031429242517,88.17895378923596,12.214026663928406,146.27217050909104,60.222332273426574,6.1997508272566355,0.005632080578157739,-0.029954802524054257,2415.292408737852,0.00028847938713504463,1.1890772745901126,154.49246088067753,0.011383290305441317,0.9912227890492887,310.58686749926454,0.031157916578407982
-0.0009036369381622908,92.66759713979978,60.87413476974921,106.57854567662989,66.92225453684817,580.9532946631688,-0.007483576453418219,0.00531012758985448,1816.8281957629508,-0.0037056284352653423,7.90823783382225,218.04404573207017,0.0020929985080139187,-0.025862827883655085,261.5380383110664,0.009811330351306158
0.01019290502813833,94.412003084417,68.7577870117262,145.96020687921015,57.930164706407076,8.379525815202845,0.024307423297652068,0.02308262316432606,2189.0500045247677,0.007439303088103341,0.948415159084384,261.4030043283072,0.023022581354886225,-0.04127313772646896,45.22069250217598,0.028117201361137337
0.022219212904474803,59.312829091236054,102.36700099598612,105.38262179602297,66.86260904704717,167.16749371288333,1.0011715010279276,-0.00650637718182411,2475.5385044227187,0.034322351750468966,7.062571874890433,293.65747820439594,0.9868688074508878,-0.037684739157289884,1377.6558976729273,0.03538324544249561
0.01647514672142586,76.57757452861692,103.81673576810644,112.20884056369916,64.16296951363216,16.36481778368845,0.9769295752067861,0.004699343227182318,2232.6753128960963,-0.029829474532375992,1.0804896737888048,177.28854863511498,1.0492282811627331,-0.03519287912405355,630.0598008784378,0.04064113422231434
-0.014593594132204622,67.0488893089482,93.71962803433706,102.93752005336901,70.99906743349875,206.88038125177937,0.9889672398402212,0.0014778129901809336,1873.7304305895827,0.009254655090809994,6.238756324561491,264.03635106312646,1.011636685759771,0.018481131262544918,1128.2062148662994,0.05697007335177017
0.962035107235497,90.67742911619744,-0.7864522116946231,149.42364841149953,62.42451232269537,-18.335685663444405,-0.03295988742582427,-0.0006680512697372441,2223.807769144414,0.003942947341851921,1.1290021675939255,192.1348985092275,-0.03274066302103359,1.0010643859860446,89.99816118778377,0.03019594449973009
0.9732224273949212,77.78435850240739,2.5007210878942123,171.30099645472114,59.99187948661361,34.027873898769,-0.0018753848469048521,0.0033258749081585648,2498.6615810615135,0.9886166940777403,0.9567470541349893,14.733695536835494,-0.048666867991009534,0.9917102917491831,103.2007766548196,0.029845377847013407
-0.0194726539124392,92.6290485638411,61.90370801224398,104.84275176328815,66.8582784837373,537.595203340897,-0.02818267150193058,-0.01952807747971891,1779.3072373947148,-0.01292636031844049,8.021561123513221,208.3520580272697,0.009395916721374166,-0.00934553444402218,264.0941468372676,0.029907452039409508
-0.00976947142657503,76.93197644018667,-0.43854785908955585,49.77947634732138,65.89958853294756,716.7974253865083,-0.000683920576593118,0.015821955716816594,2883.5233900317826,-0.01745362628056495,12.148798391544345,160.45766005411593,0.020642437669356764,0.00289810032498852,285.62423501085857,0.056667176154250015
-0.01423316138382648,99.84959752922336,-1.6080273619298946,82.58614989438465,64.94724514796081,670.5503222068595,0.012859938177838115,0.01046166243926808,1879.4111280233803,-0.014577295260416276,7.956532668625195,222.6062474005458,-0.03459795119291898,-0.006287561250890314,107.4880816476042,0.029515583428273377
0.9998140110103573,93.64532039490796,-2.3644575761636055,157.70267491436073,58.95610759604067,14.359385531779749,0.021591480085091413,1.0283161096066313,2232.0103303084206,0.00489523549380276,1.016693757232649,128.8025415683717,0.014508798807790588,-0.011414973152037022,19.318448527736177,0.02744267827040876
0.004495400955927511,97.37816255832989,72.42629769655078,98.10363524273298,64.88185832201592,36.273667444753926,0.03205207977648944,0.007650719301336414,1832.7513357164432,0.029640020538953777,4.243762381197507,341.94595603087294,0.9900807537288968,-0.010699359703481475,266.17999704714737,0.029679193190696646
1.0226011132405264,92.94142499689599,0.6305856790223705,160.4961552509914,59.11907789373842,8.346130477306428,0.026039933598654703,0.9918799630408817,2253.763293791562,-0.00035988935737615087,1.2175006682181162,125.70560556999153,0.01980819710887916,0.04171845162599497,53.198026706447095,0.018583206774612667
0.989744388260691,76.96114076529878,-1.6005184957796204,172.91057886632112,59.84507082921425,24.743641481215768,0.027467695257300376,0.00026131452504509276,2474.0237878769794,1.0348945953532929,1.1130966601767114,10.795787317099322,-0.020216657177616903,1.0240972184162398,47.869040211642215,0.04531739779902318
-0.011318893203783173,90.63604820182782,-1.4831051944320286,135.30427127766282,59.637238987379305,14.816677092857056,0.0040863734499273436,0.9775110272686178,2173.5460419176443,0.00044472079595340243,1.0974899899257204,218.90136592359508,-0.019298640031768927,0.02649519058049934,20.339148847700187,0.040819231985462015
0.9915209414406786,76.16051480368007,0.7898251949493026,173.47522525562053,60.13217166389004,31.604596834202006,-0.016247005230444853,-0.025050649026712172,2496.5145986949524,0.9901800369933118,0.954278957622286,18.34168205938575,0.02369799307101805,1.0237056640359032,63.15818279120146,0.02696925118569369
0.9786861418225142,90.1925844881065,0.40836499541626115,146.8568168378127,61.9058329321341,-2.508888616037517,0.01145408539286651,0.009730282333559003,2236.648406823984,0.007992624596383969,1.226009850730103,200.81172855047274,0.03438959512282204,1.0305542422772123,75.61735415579672,0.030103228591292334
-0.024945849384323922,76.98228945316873,102.15244843062263,112.5960395213811,63.75653361830579,-7.497455133139983,1.0020572896723194,-0.009321935740519087,2252.8003520561597,0.017871206104655174,1.1106025345083692,184.93103929793324,0.9896828766284105,0.004266350532682856,595.1785838408352,0.029758642714758376
-0.025721874228305075,96.65482337906525,71.01079270621575,99.01790544056401,64.81427746272308,29.721305312926617,0.00823848407856338,-0.0033055749611402637,1835.2380260763093,-0.020310512709709436,3.843314103706051,352.7741245587464,0.9818672229268577,0.010402129686829256,282.10987194903447,0.019923948351244412
0.029352064637840562,97.72588308187271,86.73142686533824,95.63039591746852,65.94916016336136,52.090539973365395,-0.020781145764409984,0.030206784890997523,1835.0434339798878,-0.010123212843966297,4.096412947418435,-3.8059247832683933,1.0208365347299226,0.01397025784175101,263.7981890377466,0.025439981596104458
0.9902869562192415,91.03885330141233,0.6551972435144342,160.97130540658955,58.88013869892503,-3.3463120600565808,-0.022761239804998536,1.0017252271073902,2250.7409540643785,0.016702346562050767,1.0825291778166561,138.1089550374936,0.013707101186700217,0.016069645145978126,31.029329221293867,0.03289297347428656
0.9801845461640106,91.39633076108949,26.273200214631856,145.03424425954412,62.11739828440043,-6.0813804203516675,-0.011697869481275238,-0.01681658743275185,2129.0512923188644,0.009214572064891251,1.1953872889614288,352.8675416540411,0.0017295280826815098,0.013727567244806898,13.860551633900926,0.022983276205920087
0.005953894600175969,85.39382011879165,26.073161025057686,152.77549081079908,57.010579590400866,-15.91148641139558,-0.010181220679823345,0.00732109658312784,2480.8576688203693,0.027222313009419342,0.04429578536454406,22.214974150241773,1.0182939974455252,0.031039952576762543,25.01025160636545,0.0314350717015453
0.020166743864835877,100.23437899803244,-2.0507755773981606,80.20969971704794,65.20881832065939,686.5207162176903,-0.0043409699766848945,-0.012686874795907275,1845.5901535400974,0.03943930684724123,7.877448134842712,227.00211599785965,-0.012551490411647567,-0.004985453492002256,121.00411704515587,0.03326920871300914
1.0491866020160667,77.14866106373346,1.3860531933246563,172.7922838502039,59.725623247680495,37.67033522693371,-0.03978686245251092,-0.006792408299555333,2508.733668290365,1.0034558073678042,0.9499403442016864,15.110311950138037,0.005851598044253549,1.0181148606190422,55.676442141598244,0.027949127704823128
1.022312537137399,74.27283451246795,0.3185261298631305,171.65696690463756,59.982160502771556,19.57770014553566,0.007593606996197294,-0.03382761000400547,2539.450801174266,0.9528845766851961,1.0071034739480735,49.64012712879924,0.002946678900811663,0.9905749101026318,225.330051657711,0.0596324839884875
0.9848665431940934,74.66969563719309,17.0703424148318,172.00542537330708,59.998480755074716,30.116498702899356,0.030561141482902718,0.012761305120017632,2511.5327926552372,1.001919119810816,1.1071018894741744,167.45340991474885,0.03836693523643031,1.030615814869037,76.21504964834989,0.030906936095119446
0.0017570764606327834,111.39481535824844,98.41694525500125,168.22231538017036,71.11051909774172,443.2938209197023,0.02364983144443881,0.05119434735151154,1229.9358333217779,-0.005785608824936613,7.090088458840591,179.46499492721696,1.0045225249832388,-0.0005595403884879415,308.1729737362777,0.030600618206294006
1.0072941124879549,91.70843652089194,-1.0643928017323803,147.78015605917966,59.858809221991294,-7.426538285591885,0.01420200917346859,0.9843911857769572,2231.617662689359,-0.006148656927175345,0.9214657583523836,285.8950970246368,-0.0019221046796304363,0.05209732850793573,45.08092660394215,0.032691223092094684
-0.013106452913636777,63.13565805433947,99.89893969548483,102.6289457244187,71.23648757284657,115.92492894060769,0.9981250865140648,0.009065872162279626,2190.878071159194,0.0019530060190007142,6.022467149611605,164.75144164876517,0.9558522375123836,0.028094159872684585,1448.832024847698,0.02989007842680636
-0.005156556063325456,77.1121487186863,98.85400308008445,112.16332603551975,63.91353441211517,-11.343139763750905,1.0103549656834208,-0.03161652699223032,2252.2810413040966,0.016048215664269165,1.1112792666155393,175.9364445093409,0.9718525694579262,-0.03429565452977343,639.5807959404159,0.029627053158042555
0.06453256580413684,93.75147569349406,4.958312934330095,153.97249664163303,60.39640055755545,-8.477817728862899,-0.0047892907729855895,1.0172058957464014,2200.2564169488865,0.0469647717221587,1.0482610903601182,105.60046558068636,-0.022112750897317804,-0.019668012763924457,51.2092534150478,0.016948828109519608
0.9751265272211522,91.43196277487496,42.635039602765794,150.5004468949257,60.03161776250116,21.18674582375895,-0.006384123465080806,0.9746403178522228,2215.5210394397177,0.003586566719291955,0.8669555033736323,295.81671145224163,0.018784143004119735,-0.04714168540367527,31.496937271239634,0.020207535293137353
-0.0016066106536893254,65.58588709671598,100.52227734881247,106.5970677892906,66.10068958847393,190.21151396761582,0.9945259844710319,0.0210931302958927,2489.193467943138,-0.008839473270856033,7.146319675305771,23.174644208117424,-0.014959246004414568,-0.007803990413562501,990.5823932950086,0.030694852645107257
0.03433529861425945,100.2835607060831,-1.1551747329029598,80.32564348949532,65.10558822886517,675.3745480151553,0.005214474863177799,-0.005980098985645695,1881.2668061454451,0.010845778945953548,7.906962988800771,361.73960585142095,-0.02245803163133869,0.005328317685351397,67.12256020797254,0.043260750584939237
-0.028625053910852797,91.15573574675975,66.59225976428417,106.65652404821047,67.03716190961282,552.1423777766405,0.014701167424069702,0.022151180640804638,1836.7731300000125,-0.02845551991178065,8.000631618256513,205.47976409114673,-0.006192132097056749,-0.02647996516612046,240.4167130959414,0.048539778536571154
0.9767762100894,75.41309760802257,0.012206205862135229,171.42029824966613,60.112707348859104,18.30853292899696,-0.005356153611738587,-0.020453359966398903,2521.263698205679,0.9913240319395256,0.920679771653007,49.74814240527876,0.00589650868617946,1.0383078826733305,218.06140817251367,0.027214846612845733
0.03140791272062915,72.72214461567279,94.86031379625024,105.87720953696434,67.84377144223096,19.347714025752445,0.9985391978078563,-0.008904510916600964,2272.472614543811,0.04257273527742611,2.9031619634893033,316.05023534863477,1.0159949455547839,0.010428249038717995,995.6439291685283,0.027739397176128337
1.017466045936398,69.72186736216815,8.163116543365637,177.9212893858328,60.93619383097211,56.66279651654345,0.025006632239673674,1.0032822362157063,2548.402833609161,1.0257884786002363,1.0582707174156087,211.95778416566407,-0.0027237070332553435,-0.02689897269431037,357.685435729657,0.03163336860402604
-0.004925940533117408,63.779561575124944,100.22137342872269,103.45187870753882,66.24338581330504,196.4978891388204,0.9981120938478814,-0.012417914784558446,2509.9608866513486,0.0034230053104838355,6.73102962271939,19.326038800616484,0.02613038960995434,-0.04632645049711577,985.6081409501805,0.019097563097917155
-0.008588957016365858,76.8274432978396,0.5070785382981322,50.67814193054204,66.03590518703204,716.7290669808518,-0.02163030748516469,0.0013257108223948294,2920.4753483007285,0.008444190488572196,12.348214732250538,149.87534865621893,-0.0520612503768404,-0.030344890425268455,329.84544739545265,0.018175417748212064
1.0266373819784822,77.33990862872194,0.21629204954843284,171.63547436765882,60.11824950539462,36.19796489839992,-0.009213558153812968,0.012271108064849075,2497.71260543376,0.9921251182942624,1.0653747121475374,2.8507503976879107,-0.0015659433622419127,1.0066184682884194,93.27758834845899,0.028980678514335098
-0.030025958852452888,87.5310816887639,100.42717826223908,138.8622530106162,61.192542708170336,15.520027568731535,-0.05469619814901472,1.0101128330091242,2250.7824702117014,0.032958138896313695,1.146682894090246,280.07199189404423,1.0039203772389118,-0.025646548910657364,145.3873594917257,0.027795313596949655
-0.01583831578906316,100.38115610477541,3.626142718734745,85.13894532188456,64.8969134779876,677.9963659103689,-0.018099851280965674,-0.0006744177350524443,1832.298516341005,-0.029742517253915354,7.780943396516731,213.09606566838514,0.00635018180083657,0.009768498407245451,113.84692902006311,0.024430535072751478
-0.0037017756895237545,63.85847226384142,101.97708559517626,104.47744080277421,66.26708604923857,223.37203427602577,0.9887119317959127,-0.027651902583575135,2511.204471720337,-0.004411777198345,6.878004391887163,25.218126455334904,-0.040668283480685165,-0.002597705931403296,1006.2193450313529,0.0445474957741336
0.01723779126637929,69.54567262192964,56.58659721464292,142.2630670726418,62.990202692863505,28.013906012926146,0.017862701999617803,0.024137641336894007,2530.740642620088,0.051094460767475036,0.8769636927143069,56.15735098494005,1.0141257670129378,1.031227781142605,641.8672925543257,0.05998217763001585
1.0282341631214138,74.601286627305,-0.4087460546174219,170.92072509889255,59.84886051373445,34.66649666472689,-0.008347330498505714,-0.0020069394955331376,2519.738112620688,1.0006780023650999,0.9716828960584201,57.043488715906356,-0.010454912575564555,0.9988881920526196,194.1510154248986,0.030038720726530417
0.004466097810396561,85.99049806524364,28.24615319742136,151.79018926243714,56.88991199915898,7.6846128649141505,0.013241092760998486,0.020994521571917984,2468.032177961705,-0.006383427963509673,-0.13213394383067736,33.88099443015478,0.9829286825856627,-0.013061853594730007,41.509310501244435,0.03222336022908657
0.9856657091149716,71.99416669494951,14.649983376269422,169.17640987230348,59.160453233174536,28.44738364969161,-0.02753027751559788,0.03188505930978608,2505.459981344559,1.0094101594190381,1.0096361458347483,357.307888027226,0.008179665242207144,1.0116919527037473,182.83669660030162,0.698709416728583
1.0112369084318333,90.81760943460095,4.124592969260959,157.53742548799374,60.03672111813433,12.984045514116161,-0.024003870774871264,0.9880712742106564,2259.527166942305,0.0002795102460499712,1.2919611320708801,305.4813054508076,0.010532147118064166,0.0019736392210462084,185.89385504243063,0.031180876951805984
1.0014397794290921,93.08643099000487,-0.2540854001379798,159.4698804515823,58.69855290132971,-0.48192404219919577,-0.028481896941512982,1.0232179999971514,2262.794298328645,0.0010162923373973256,1.2736499700454817,134.62732578876148,-0.0010122968447872818,0.003399078060850161,67.31973205234372,0.029668394774791287
-0.014848193116896382,91.95140051985916,60.61064913632691,106.20994175218624,67.20471801911822,563.977298539021,-0.030754917891209595,0.02657533586115811,1803.911012250184,-0.0012491144174533036,8.004513231861186,208.50062567430163,0.029319481485286625,-0.007397361696348011,252.50546464681824,0.061483635133058726
1.015016697517182,95.0953983158453,33.30338794178938,146.35397806133108,57.17612954339753,-17.191287709384813,-0.026920794210878417,0.02310983612991298,2184.70345531865,0.005700578294307079,0.9457071998912774,118.35207010268596,-0.019081694382421684,-0.005067705053493188,1.9011664979968472,0.027461099073662287
0.0021258875345518623,63.60837432106523,104.76170714622207,106.16315794045468,67.06239856925279,218.0424090297481,1.0311748196679036,0.006687407470559104,2480.329487410813,0.001495912537361679,6.910580913769858,209.7502315348172,0.9748014929252816,0.03209262926625686,1065.9730826697903,0.7005124006972175
1.0072769503131611,91.01485690380889,1.5359178762919428,151.56691379120457,59.82704061573749,19.95409371277041,0.029098982128562278,-0.000980178094761735,2343.7567578161734,0.022260972785300447,0.9869039571819026,167.1342575785483,-0.00334934123800132,0.988466574894414,260.4881794306748,0.028650117341992225
1.031148627860318,91.82059384793617,26.037422475432326,142.90261109698636,61.93586082044232,3.57005704419602,-0.008797932910549942,0.00227643513025253,2169.312020245716,0.008832694507507358,1.2556400234444545,344.59296903475024,-0.03258922105509168,0.036657402999927154,44.86588240132407,0.6987246821130473
0.9781585064373106,91.98250868856242,0.32389169833334497,149.63086909373976,60.22513862590492,0.8836136820285435,-0.00025399070595925427,0.9980561313094396,2228.8025886808236,0.0035091115450953986,0.9093532774326707,274.5508136073357,-0.020622470960615077,0.013488116643724806,49.14036832334625,0.029518935889897915
1.0162279881405858,75.71834995935195,15.722499604095278,173.4438387515682,60.36082671384732,40.23869497572487,-0.026681284587880223,-0.020786190190564248,2515.538376937945,1.0180045873574222,1.0435648109531395,165.89424081594697,0.02105257207993549,0.9761811624458868,89.42937588012036,0.02894743845632741
0.008509465518057206,114.97447876243992,70.32567026143495,168.2130830524418,70.90868083411661,465.8727528788523,-0.027323978956657075,-0.006140584300048737,1228.2383399599973,0.02557694338857241,7.009638105461187,64.3681144855452,-0.008828013125914044,-0.013564693117872388,117.97048261310874,0.7015125460593982
0.9762176919279807,77.00537117813798,-2.741056683065354,174.69698156997137,60.34859948268816,31.617933540603925,0.0069284388832891956,-0.005934783047295484,2493.554701591222,1.002985888458311,0.6757959221526197,8.287062202009906,0.0006402824571397432,1.0088339376682594,82.15363737905771,0.030908583657673284
-0.05665276707537479,97.29552665413279,77.01121244462915,97.68572195896205,64.82983559943337,46.51395115453029,0.021607422189072377,-0.006654184087364011,1812.8859670790532,0.0008505781625654653,3.887829878011972,187.22653056306777,0.9952678823696823,-0.023878344911194976,216.00853190702173,0.01762834152740343
-0.02438960905960746,76.74843188024991,98.44667269853008,113.57508361649242,63.792646917321576,21.70944433381082,0.9865522575748996,-0.026665932472207866,2255.1484062068007,-0.002500645614864612,0.9492453373187236,175.31912608238574,0.9954424440106192,-0.05355322154600329,643.6953704106726,0.03189492034302174
0.9843342267071263,64.27623072788764,96.30509100434594,107.84000201968811,70.63134400575736,58.28141567609498,1.0361911622907851,0.008921951072958756,2226.8192579333463,-0.004003749823224132,4.188722415456118,55.93948663471243,-0.007384225655111962,-0.03655106616597885,1556.144965332705,0.03157146737643664
-0.013915707315708065,92.42533779848806,101.08194757501936,144.8014552195408,61.97542488479279,8.030494724829525,0.04285711478262556,0.007113137121005335,2148.2511247303446,-0.0241672040319477,-0.31286186290852613,287.64891091030455,0.019070351092049312,-0.004420888391026624,30.910729482632156,0.03201250559418261
-0.009888120808384328,88.19244594742948,74.8886149206523,141.91789496513383,59.20425928504494,12.865788311753327,0.04430022881662188,0.017909638982100757,2460.608452164281,0.02001565129194769,1.151240647874133,220.1720978138841,1.0267894898710235,-0.04101740767545103,505.1596149679374,0.027048074569456265
1.0377218256939595,73.59169007842463,-0.6952515744556864,170.01707375117985,59.87177298846053,31.607503429084566,0.01985715022161236,-0.005171240753765936,2501.6839957420843,0.9832434738805813,1.1055118861326367,49.30100082808523,0.003066346578666169,0.9600554261596287,211.47881448772694,0.036245720945429015
-0.05391998996100299,93.54582523986404,38.98672171991808,105.52946906111694,67.13713226836708,596.5941447484745,0.06576183529606097,0.026007645629683177,1826.7630287025522,-0.004301602603209881,7.846323175000159,234.41935358605116,-0.015314146554708034,0.034416218788559105,245.92753473045752,0.045194863243517805
0.9998167055463756,76.94409476953504,0.3637979249449787,171.79729491496403,59.7921465926475,13.313654011206093,-0.0074147781687616,0.018465190800863424,2505.7250045925775,0.9831519122358472,0.8280116582812377,9.941793137688938,-0.01037763053718383,1.027473562206194,61.94144547861122,0.02805488560383969
0.963499134164547,74.53285013007896,67.84844262705812,114.9907068114129,63.66838814757825,16.63989672374727,0.0003377204633710693,0.010536784647769684,2339.8044562678847,-0.01156123521697168,0.8808013824811282,314.0042468868129,0.04265016669011793,0.995060648355452,453.02474509655053,0.01854868610912959
1.036785290825561,66.14038209780759,14.251212534385408,101.91255017181523,66.08915574982942,191.96010701470277,1.0000433237448134,0.0025106754149078845,2496.520751702127,-0.010646948249597643,6.824939346030139,287.3074757579174,-0.010586935780060867,0.004603278468009271,907.1343806749026,0.7019684561021678
0.9688456227941552,103.36404339108138,0.3587863382317775,97.3713261868578,65.19073917703712,68.35043194363621,-0.035344929557396584,0.9841934739620067,1772.0284953981832,0.022694513829053384,4.115053979552486,188.69738104022414,-0.015071949903578645,-0.029746365847664376,127.07094550199437,0.030276058334252044
0.9284957736680018,77.2998136355816,1.008521777372036,172.87698295651,58.91237122810921,12.673813234807021,-0.0070717886950997025,-0.02783542898512006,2469.4448973473473,0.9999125307293292,0.9161077715925262,248.53762004476448,0.014721864558885328,1.0061502119020624,37.161866581389134,0.06014811441883776
-0.0011768045798654404,64.87092656505622,99.84592002155931,105.82393968370971,66.06558732064214,201.44788409556634,0.9963724892796735,0.03730782751013881,2493.6169896577135,0.012469252875162333,6.996736384113149,18.172517052294875,0.01777394956238857,-0.015485403038362534,992.0714161438522,0.06106583271820622
-0.028359801177818594,65.36948939513306,63.74093884539618,102.67473703047554,71.3409587859552,99.57345213760648,1.0440555625529935,-0.0014909176334937239,2233.741115460061,-0.02004782745512464,5.89576535849868,319.7878648313343,-0.004694316665645413,0.005813533842503643,1428.2357860292495,0.040076047166817085
1.0071676374715326,66.70536309910577,11.869969759751674,104.45323041943489,66.32235915584317,201.76823738277338,1.0098395953604147,0.013628826094663465,2503.5788038243445,0.034431094323758814,6.979739032809421,287.86392049834916,0.01726409720323197,-0.021262610628194734,894.4210740700123,0.026852187269917702
1.0199164907386473,77.31580459365158,-1.5878698655094474,171.558026464629,60.194518511890905,32.780805927563904,-0.002246649572265117,0.009046214259961443,2486.962786491221,0.9833108073348886,0.9694649911602161,15.644919475364553,0.030261664461737853,1.0308881109365915,96.7208734488332,0.7020421774632927
-0.0030759559214947143,97.53498284024624,71.92088196441908,96.86454423251382,64.98924266693126,37.78484674219026,-0.01881015257982241,-0.007075421181031504,1823.436440929103,0.01038212021418721,3.9853072646373344,191.40470554773475,1.0046430258292751,-0.010897645971814208,209.36268154855856,0.6999767942474283
-0.02608784738509665,64.73221875667954,101.93196883513833,107.59978654127308,65.98860918323894,190.00602343859933,1.013128536331296,-0.018145458429108408,2492.5599165416506,0.008877790847016922,6.944971423110592,22.026876802490964,0.010867307697546711,-0.006819148817204942,972.1761418427218,0.064017236271965
0.9964455816578167,89.66377739640637,2.5243297748479687,147.19304882982942,62.22788405304116,4.408295431656999,-0.00040017523642946234,1.0072456204697124,2221.510733806768,0.01502482635877801,1.292695066124002,202.55330027581488,-0.041657569451502376,-0.0325550200655709,14.866144966520665,0.009808448045587538
1.0410626505008351,90.80411093537187,-0.95866189051386,146.42234116527052,62.11789017855843,10.550600248237599,0.0007139596709021151,0.012476138311349727,2261.506207342233,0.022558216204887554,0.8638095303989077,182.4404873921494,0.011024985154796134,0.9841896217146909,86.66229386468616,0.057156661166694114
1.0606889894390323,92.37273415870769,-0.1373816371494637,159.46878814595357,59.96855147677479,8.306946256565489,0.029643018607246593,0.9871910436617111,2253.693798509481,-0.019236980559819816,0.8263352317789292,12.93394983663616,-0.005832737539672321,0.022018564766418926,85.99688592660488,0.04225314686924657
-0.022644032234092795,94.62065935206269,68.23460755941989,146.99675528564956,58.06033643068316,10.913670436999398,-0.014665668067493061,-0.007211230059243344,2190.2727187422297,-0.00043155940863256304,0.5768525792730134,249.05429641795206,0.016508800679983282,0.02590109953574232,19.991323786483406,0.0282396061605469
1.0156547056266554,77.07673983699017,1.1262631760511634,169.53634705014258,59.997754946039066,9.393719536943824,0.0043511903996581395,0.02693147951874385,2502.987707923212,1.0147114128107289,1.0162955387691779,9.474258870080423,-0.019884508314319725,0.9915376592010253,63.449298255458196,0.0457419912407364
0.0026923992937914693,75.239455953921,85.3941986172922,115.22659471327131,63.85324548791306,20.090826378666723,0.028851120609981143,-0.028687355611023323,2298.5292967471196,0.024577830706940522,0.9344100841188756,253.02452803832495,0.993051408239513,1.0054662843607398,522.112921825612,0.029471261406504898
0.9982226506645594,76.27895148776192,18.77858303910199,175.1689510531271,60.18959091975635,22.18154156323731,-0.005489339247278783,-0.009980527782772003,2502.4014939022927,0.9974196681059846,0.9401645928633612,165.38842128913797,-0.012668167966022525,1.011154701002612,93.68477732985717,0.0300537480698271
0.025511168752833064,98.42229988001887,73.64532055873445,94.411981756882,65.08401702508189,27.34394614328015,0.007948547513549002,-0.021712896093713265,1826.5135561127026,-0.021100765248165385,4.013556582700544,193.44107979303064,0.9474185386328624,0.023175333310722367,174.87193731272305,0.021326476023631778
0.9835475569750118,92.68347397399401,30.61994216576167,140.93585189494013,57.2131545920176,22.922368323034725,0.02546009861419563,0.010793622863413309,2207.9777419385296,0.020504142759915096,1.0497876788398308,116.0104924357392,-0.019628506656878673,0.022612107039473108,-33.83685357308967,0.02760482374792549
-0.017377560380978208,93.995703516129,41.647762351056144,104.67475228073094,67.00770984497149,574.8030882674033,0.016269287308834635,-0.0014977256969885468,1796.983386811733,-0.014425528042409512,8.149678833643552,221.5333579691176,0.00013775745325542076,0.007102306328360001,257.5260750513051,0.02154907782856967
1.0192194140574524,76.58436524117732,0.9003752034512157,172.64421830451275,60.06237104793869,36.588554204142724,0.011433424077639002,-0.02413308635870237,2494.628295612251,1.0156839933392838,0.949302646299135,14.778628918980226,-0.0087851841202901,1.0173827295721827,110.54643151717576,0.03216889021603927
1.0132782264584543,104.0778819078685,0.940539306849963,94.62973183735147,64.83027235889185,70.17899724578358,-0.007704840241290422,1.0148184953764097,1788.741852471064,-0.028482699595789526,3.979878569839916,177.3356524586297,-0.008161006792607263,-0.011269807921077797,104.966264871615,0.030386800374726238
1.0455684746544147,75.57022178531712,1.1863611981777633,171.12933468586922,59.88624515057639,27.346159007637404,-0.02993367816124025,0.002794444533293696,2509.2046840504954,0.9922236058514595,1.2093893688512976,53.09319933743833,-0.013738621445990199,0.9907751024706692,229.52003698827605,0.02725943427524784
0.9573895898881658,73.78682525049715,0.9463303487740756,170.56813091664034,59.8688457600648,41.039449162480636,0.005908551082419749,-0.01156295594698264,2524.103365472618,1.0284362543705559,1.0847256255715851,44.79617067032543,0.004069505101876628,0.9689377721945551,190.85321512037953,0.03881030519093495
0.986103830863442,90.80329009019069,2.1809972709273393,157.49264463260573,60.11651202644744,8.628165734585432,0.006104994383328968,0.9857485716518735,2268.7848261267277,0.004239145684053783,0.7777816041193024,300.6093751620723,-0.003812024931963649,-0.04339454096479661,217.61012147941705,0.060254288885701536
0.9749511903401032,78.05966391674379,-1.491196473850788,172.10244655626013,60.21729096734536,20.804935385457284,0.013844197878699,0.000630133537311991,2499.7699591514092,1.014968267173574,0.9934586657127816,16.94675962317576,0.019478282741023263,1.0204479491664458,93.0266643540167,0.04666665564255999
0.04379589231970777,100.10889878984646,-0.7933176274353866,81.32329008133361,65.13750655190287,674.6991748106948,-0.024204324155092195,-0.008660968053148909,1887.1405491966775,-0.012970427581998385,7.914999086393761,217.53842529294172,0.018588456526819917,0.0008533390119942407,108.5045642418108,0.028132759629788173
-0.0009930342595283878,74.43342481872918,85.01796365233494,113.01355700672167,64.2036083696553,31.550197287610587,-0.0026629404381548114,0.00662515987739528,2315.60522042988,0.00598088638520403,0.898078745336605,263.5524121537325,1.0247317483496319,0.9991351099848104,516.5755035021804,0.028608412013076897
0.02189742072279174,100.15982349506402,1.016779238329192,80.61605193914257,64.95672214949873,687.0759366065843,0.022206552877732162,-0.004035939433527136,1891.200713190485,0.014385790546455987,8.00101962069409,354.6094088998141,-0.009834323212483431,-0.02032410495002405,74.9492309415019,0.028850070416757457
1.0066989237559865,75.39766165783512,64.38835552154356,116.90205499344141,64.19529487334331,21.808050738716545,0.012687190919763188,-0.009917580394818864,2314.610180756627,-0.010268632338828083,1.0083972504172665,304.22271867389134,-0.01493547615878407,1.0112979832445574,503.52575109209766,0.02892469127074868
0.9968468887089829,76.40639093428054,1.006674160911784,172.168227009531,59.92055039567836,25.47931371816037,0.025547512708759802,0.034550623360747816,2481.716002977038,1.0070820681108892,0.9714153802370523,20.850709070479013,0.009943222965916118,1.0308257397979979,101.4202185136574,0.0295719166316264
