specimen_id,source_crs,longitude,latitude,mada_geom_point,sampled_layers,nodata_layers,is_categorical_encoded,env_71_alt_Altitude (meters),env_72_slo_Slope (degrees),env_73_asp_Aspect; clockwise from North (degrees),"env_74_solrad_Solar radiation; computed from altitude, slope and aspect (Wh.m-2.day-1)","env_75_geo_Rock types (categ_vals: 1, 2, 4, 5, 6, 7, 9, 10, 11, 12, 13)","env_76_soi_Soil types (categ_vals: 1, 2, 3, 4, 5, 6, 7, 8, 9, 10, 11, 12, 13, 14, 15, 16, 17, 18, 19, 20, 21, 22, 23)","env_77_veg_Vegetation types (categ_vals: 1, 2, 3, 4, 5, 6, 7, 9, 10, 11, 12, 13, 14, 15, 16, 18, 19, 22, 23, 25)","env_78_wat_Watersheds (categ_vals: 1, 2, 3, 4, 5, 6, 7, 8, 9, 10, 11, 12, 13, 14, 15, 16, 17, 18, 19, 20, 21, 22, 23, 24, 25)",env_79_forcov_Percentage of forest cover in 1 km by 1 km grid cells (%)
humbertii_4,4326,43.7975,-22.875,POINT (376646.4194813568 7469814.360957881),9,0,False,477.0,11.0,346.0,7929.0,5.0,15.0,12,6.0,68.0
perrieri_261,4326,46.333889,-24.560833,POINT (635084.8917711123 7283025.482374048),9,0,False,253.0,1.0,247.0,7366.0,10.0,18.0,7,6.0,0.0
perrieri_262,4326,46.333889,-24.560833,POINT (635084.8917711123 7283025.482374048),9,0,False,253.0,1.0,247.0,7366.0,10.0,18.0,7,6.0,0.0
perrieri_263,4326,46.333889,-24.560833,POINT (635084.8917711123 7283025.482374048),9,0,False,253.0,1.0,247.0,7366.0,10.0,18.0,7,6.0,0.0
resinosa_264,4326,47.701944,-23.175278,POINT (776611.7866381853 7434508.718005167),9,0,False,12.0,0.0,174.0,7360.0,9.0,12.0,15,4.0,7.0
resinosa_268,4326,47.701944,-23.175278,POINT (776611.7866381853 7434508.718005167),9,0,False,12.0,0.0,174.0,7360.0,9.0,12.0,15,4.0,7.0
resinosa_269,4326,47.757778,-23.083889,POINT (782522.4195798635 7444526.464216628),9,1,False,10.0,1.0,231.0,7330.0,9.0,,15,4.0,42.0
humbertii_270,4326,43.610638,-23.078725,POINT (357689.0386163351 7447088.901125943),9,1,False,28.0,2.0,259.0,7354.0,,15.0,11,6.0,98.0
perrieri_280,4326,45.993359,-17.044592,POINT (605715.7257931107 8115243.328301542),9,0,False,144.0,11.0,129.0,7456.0,7.0,20.0,5,8.0,54.0
tsirananae_283,4326,49.353056,-12.373611,POINT (973623.8445715362 8628271.765814653),9,0,False,250.0,14.0,331.0,8092.0,6.0,20.0,5,1.0,47.0
perrieri_313,4326,44.272222,-22.853611,POINT (425334.6020387369 7472501.129658243),9,0,False,417.0,2.0,118.0,7415.0,7.0,16.0,4,6.0,24.0
abbayesii_315,4326,47.166111,-24.796389,POINT (718974.5237810896 7255860.966205925),9,0,False,0.0,0.0,246.0,7250.0,2.0,21.0,6,5.0,18.0
abbayesii_316,4326,47.136111,-24.842778,POINT (715860.4092442521 7250769.964015225),9,1,False,5.0,3.0,311.0,7362.0,,21.0,7,5.0,18.0
pervilleana_324,4326,44.28417,-17.54361,POINT (424026.1871600385 8060163.433476245),9,0,False,91.0,2.0,65.0,7729.0,9.0,18.0,7,8.0,27.0
pervilleana_325,4326,44.30139,-18.01528,POINT (426048.19479896803 8007984.497489377),9,0,False,71.0,5.0,143.0,7600.0,9.0,18.0,6,8.0,0.0
pervilleana_344,4326,44.31583,-18.03361,POINT (427584.3037171829 8005962.119704753),9,0,False,86.0,3.0,355.0,7783.0,9.0,18.0,6,8.0,0.0
pervilleana_349,4326,44.31583,-18.03361,POINT (427584.3037171829 8005962.119704753),9,0,False,86.0,3.0,355.0,7783.0,9.0,18.0,6,8.0,0.0
perrieri_463,4326,46.015711,-17.117819,POINT (608052.495283464 8107129.240210309),9,0,False,137.0,2.0,39.0,7796.0,7.0,6.0,4,8.0,17.0
perrieri_492,4326,46.015693,-17.117573,POINT (608050.7222855763 8107156.467825541),9,0,False,137.0,2.0,39.0,7796.0,7.0,6.0,4,8.0,17.0
pervilleana_493,4326,45.920397,-17.077081,POINT (597933.4077761312 8111686.841934608),9,0,False,274.0,3.0,146.0,7699.0,7.0,20.0,5,8.0,36.0
pervilleana_494,4326,45.923007,-17.07882,POINT (598210.23044008 8111493.13068094),9,0,False,249.0,3.0,238.0,7755.0,7.0,20.0,7,8.0,44.0
humbertii_496,4326,44.583333,-22.916667,POINT (457272.8980206097 7465644.630243062),9,0,False,613.0,3.0,303.0,7623.0,6.0,16.0,6,6.0,0.0
humbertii_502,4326,43.625805,-23.250722,POINT (359422.5018781469 7428059.36902496),9,1,False,6.0,1.0,341.0,7370.0,,3.0,6,6.0,9.0
humbertii_503,4326,43.625805,-23.250722,POINT (359422.5018781469 7428059.36902496),9,1,False,6.0,1.0,341.0,7370.0,,3.0,6,6.0,9.0
humbertii_504,4326,44.690055,-22.888583,POINT (468210.24437796004 7468780.536558478),9,0,False,788.0,4.0,123.0,7463.0,6.0,16.0,22,6.0,100.0
humbertii_506,4326,44.1366,-23.5318,POINT (411865.5851767542 7397342.999132204),9,0,False,94.0,5.0,354.0,7585.0,1.0,15.0,12,6.0,74.0
humbertii_507,4326,44.1366,-23.5318,POINT (411865.5851767542 7397342.999132204),9,0,False,94.0,5.0,354.0,7585.0,1.0,15.0,12,6.0,74.0
perrieri_509,4326,44.272222,-22.853611,POINT (425334.6020387369 7472501.129658243),9,0,False,417.0,2.0,118.0,7415.0,7.0,16.0,4,6.0,24.0
millotii_514,4326,49.786667,-16.4525,POINT (1011467.5626294343 8174949.434287034),9,0,False,291.0,4.0,62.0,7830.0,10.0,11.0,14,2.0,96.0
tsirananae_517,4326,49.35305,-12.37361,POINT (973623.1924143073 8628271.887355782),9,0,False,250.0,14.0,331.0,8092.0,6.0,20.0,5,1.0,47.0
millotii_519,4326,48.556111,-19.158611,POINT (874113.995799795 7877808.812782688),9,0,False,640.0,18.0,106.0,7313.0,10.0,11.0,14,2.0,37.0
dubardii_522,4326,49.1725,-12.487778,POINT (953747.6522378414 8615930.676070265),9,0,False,751.0,14.0,262.0,7917.0,9.0,8.0,14,12.0,100.0
dubardii_523,4326,49.218333,-12.578889,POINT (958578.37993952 8605751.270235546),9,0,False,865.0,8.0,199.0,7779.0,9.0,8.0,14,1.0,68.0
perrieri_524,4326,44.561944,-18.111389,POINT (453655.0801252412 7997435.6652677115),9,0,False,272.0,9.0,170.0,7307.0,7.0,6.0,5,8.0,68.0
millotii_530,4326,48.31888,-18.86944,POINT (849739.0276151416 7910340.056757211),9,0,False,1009.0,4.0,276.0,7805.0,11.0,7.0,14,2.0,66.0
millotii_532,4326,48.2925,-18.86611,POINT (846963.5556543547 7910760.968677763),9,0,False,1023.0,7.0,179.0,7592.0,10.0,9.0,14,2.0,60.0
heimii_533,4326,49.35305,-12.37361,POINT (973623.1924143073 8628271.887355782),9,0,False,250.0,14.0,331.0,8092.0,6.0,20.0,5,1.0,47.0
resinosa_536,4326,47.700278,-23.178611,POINT (776434.2876125993 7434142.631072203),9,0,False,12.0,0.0,174.0,7360.0,9.0,12.0,15,4.0,7.0
resinosa_546,4326,49.70611,-16.76055,POINT (1002039.2629539109 8140978.508391662),9,0,False,13.0,1.0,213.0,7688.0,1.0,21.0,16,2.0,59.0
resinosa_550,4326,47.724167,-23.170278,POINT (778898.4273240004 7435020.213109655),9,0,False,46.0,8.0,263.0,7236.0,9.0,21.0,16,4.0,0.0
millotii_556,4326,49.861111,-14.401111,POINT (1024587.2632736877 8402367.690688357),9,0,False,410.0,24.0,157.0,6554.0,10.0,9.0,14,14.0,100.0
perrieri_557,4326,44.272222,-22.853611,POINT (425334.6020387369 7472501.129658243),9,0,False,417.0,2.0,118.0,7415.0,7.0,16.0,4,6.0,24.0
perrieri_558,4326,44.263056,-22.845833,POINT (424389.89161773876 7473357.517090762),9,0,False,511.0,20.0,64.0,7633.0,9.0,18.0,7,6.0,19.0
resinosa_565,4326,49.256667,-18.565556,POINT (949495.5412336814 7941918.554668624),9,1,False,8.0,3.0,115.0,7582.0,2.0,,16,2.0,34.0
resinosa_566,4326,49.23388,-18.595,POINT (947008.7347414009 7938710.59530902),9,0,False,14.0,1.0,234.0,7606.0,2.0,21.0,15,2.0,24.0
tsirananae_567,4326,49.35305,-12.37361,POINT (973623.1924143073 8628271.887355782),9,0,False,250.0,14.0,331.0,8092.0,6.0,20.0,5,1.0,47.0
resinosa_569,4326,49.405833,-17.688889,POINT (967602.4266189564 8038763.60339047),9,0,False,60.0,5.0,158.0,7521.0,10.0,10.0,16,2.0,3.0
humbertii_572,4326,43.625806,-23.250722,POINT (359422.60418981465 7428059.369993826),9,1,False,6.0,1.0,341.0,7370.0,,3.0,6,6.0,9.0
tsirananae_579,4326,49.218611,-12.165556,POINT (959332.8350570735 8651571.060893547),9,0,False,91.0,4.0,239.0,7837.0,6.0,23.0,6,12.0,4.0
tsirananae_582,4326,49.218611,-12.165556,POINT (959332.8350570735 8651571.060893547),9,0,False,91.0,4.0,239.0,7837.0,6.0,23.0,6,12.0,4.0
dubardii_593,4326,49.174722,-12.482778,POINT (953998.425574085 8616481.108686537),9,0,False,735.0,17.0,84.0,7848.0,9.0,8.0,14,12.0,100.0
abbayesii_595,4326,46.45,-24.36666,POINT (647070.6204618097 7304410.220689219),9,0,False,408.0,1.0,307.0,7430.0,10.0,6.0,7,6.0,0.0
resinosa_598,4326,48.554167,-20.3725,POINT (871083.6199276892 7743286.659036701),9,0,False,5.0,1.0,2.0,7543.0,6.0,19.0,16,3.0,1.0
perrieri_602,4326,44.145556,-22.707778,POINT (412245.6174909298 7488575.926597946),9,0,False,906.0,10.0,264.0,7553.0,9.0,18.0,22,6.0,100.0
pervilleana_609,4326,44.561389,-18.117778,POINT (453598.0444822846 7996728.646278196),9,0,False,346.0,4.0,25.0,7781.0,7.0,6.0,5,8.0,91.0
perrieri_610,4326,44.472222,-17.939722,POINT (444108.44066143275 8016404.069405051),9,0,False,226.0,7.0,256.0,7610.0,7.0,16.0,5,8.0,83.0
dubardii_613,4326,49.218333,-12.578889,POINT (958578.37993952 8605751.270235546),9,0,False,865.0,8.0,199.0,7779.0,9.0,8.0,14,1.0,68.0
perrieri_620,4326,44.561944,-18.111389,POINT (453655.0801252412 7997435.6652677115),9,0,False,272.0,9.0,170.0,7307.0,7.0,6.0,5,8.0,68.0
heimii_629,4326,49.583333,-12.970278,POINT (997562.5370361647 8561677.38843384),9,0,False,95.0,9.0,201.0,7586.0,10.0,10.0,6,1.0,6.0
humbertii_644,4326,43.625806,-23.250722,POINT (359422.60418981465 7428059.369993826),9,1,False,6.0,1.0,341.0,7370.0,,3.0,6,6.0,9.0
pervilleana_677,4326,44.315803,-18.033509,POINT (427581.40448936203 8005973.284074227),9,0,False,86.0,3.0,355.0,7783.0,9.0,18.0,6,8.0,0.0
perrieri_686,4326,44.156111,-22.718056,POINT (413336.17977458896 7487444.3116107825),9,0,False,1026.0,4.0,147.0,7417.0,9.0,18.0,9,6.0,51.0
pervilleana_691,4326,44.301506,-18.015404,POINT (426060.52627860074 8007970.82406396),9,0,False,71.0,5.0,143.0,7600.0,9.0,18.0,6,8.0,0.0
tsirananae_698,4326,49.3375,-12.323889,POINT (972017.7710497924 8633812.113639003),9,0,False,299.0,18.0,123.0,7208.0,5.0,23.0,5,1.0,40.0
heimii_704,4326,49.583333,-12.970278,POINT (997562.5370361647 8561677.38843384),9,0,False,95.0,9.0,201.0,7586.0,10.0,10.0,6,1.0,6.0
pervilleana_709,4326,44.561389,-18.117778,POINT (453598.0444822846 7996728.646278196),9,0,False,346.0,4.0,25.0,7781.0,7.0,6.0,5,8.0,91.0
bertrandii_714,4326,46.674722,-25.122222,POINT (668843.6342847437 7220470.852634992),9,0,False,110.0,15.0,119.0,6517.0,10.0,15.0,7,5.0,88.0
resinosa_717,4326,48.4875,-20.73944,POINT (863246.2277114298 7702770.623389309),9,0,False,13.0,0.0,243.0,7514.0,2.0,21.0,15,3.0,90.0
perrieri_721,4326,46.673333,-24.798889,POINT (669145.0586935519 7256284.505210571),9,0,False,177.0,11.0,154.0,6728.0,10.0,6.0,12,6.0,82.0
resinosa_723,4326,47.70666,-23.1775,POINT (777090.2567903516 7434253.567531984),9,0,False,13.0,0.0,308.0,7382.0,9.0,21.0,15,4.0,12.0
resinosa_725,4326,47.70638,-23.17222,POINT (777072.459374704 7434839.061933706),9,0,False,13.0,0.0,308.0,7382.0,9.0,21.0,15,4.0,12.0
humbertii_726,4326,46.981111,-24.884722,POINT (700125.395282866 7246360.4464457035),9,0,False,308.0,23.0,156.0,5548.0,10.0,9.0,14,5.0,90.0
tsirananae_746,4326,49.21111,-12.17833,POINT (958492.770916003 8650167.71906347),9,0,False,82.0,13.0,272.0,7765.0,6.0,23.0,5,12.0,17.0
perrieri_748,4326,44.287778,-22.820556,POINT (426912.9520842602 7476168.222233592),9,0,False,529.0,13.0,345.0,7973.0,7.0,18.0,6,6.0,18.0
millotii_754,4326,49.45445,-17.704817,POINT (972728.9371479002 8036875.3977328995),9,0,False,49.0,7.0,170.0,7377.0,10.0,10.0,4,2.0,67.0
heimii_765,4326,49.45611,-12.58472,POINT (984462.6304257289 8604676.940310588),9,0,False,251.0,3.0,268.0,7940.0,6.0,17.0,6,1.0,21.0
resinosa_770,4326,47.733333,-23.166667,POINT (779844.8451066222 7435402.666992562),9,0,False,13.0,3.0,324.0,7458.0,9.0,21.0,4,4.0,51.0
tsirananae_772,4326,49.35805,-12.35083,POINT (974209.3759546173 8630788.703325663),9,0,False,160.0,11.0,284.0,7929.0,6.0,20.0,5,1.0,55.0
perrieri_778,4326,44.288056,-22.820833,POINT (426941.62881102914 7476137.694961881),9,0,False,529.0,13.0,345.0,7973.0,7.0,18.0,6,6.0,18.0
resinosa_781,4326,47.700278,-23.178611,POINT (776434.2876125993 7434142.631072203),9,0,False,12.0,0.0,174.0,7360.0,9.0,12.0,15,4.0,7.0
resinosa_782,4326,47.753611,-23.089722,POINT (782083.1109208111 7443888.286225902),9,1,False,4.0,1.0,296.0,7386.0,2.0,,16,4.0,46.0
resinosa_785,4326,48.43388,-20.95027,POINT (857157.3842089139 7679526.09288253),9,0,False,2.0,0.0,137.0,7490.0,2.0,21.0,16,3.0,14.0
perrieri_786,4326,46.673333,-24.798889,POINT (669145.0586935519 7256284.505210571),9,0,False,177.0,11.0,154.0,6728.0,10.0,6.0,12,6.0,82.0
dubardii_790,4326,49.10972,-12.90888,POINT (946172.4869802331 8569361.573989293),9,0,False,136.0,5.0,287.0,7919.0,7.0,22.0,5,13.0,44.0
resinosa_791,4326,48.48527,-20.76222,POINT (862959.2639645257 7700251.067593895),9,0,False,8.0,1.0,275.0,7513.0,2.0,21.0,15,3.0,55.0
humbertii_797,4326,43.714444,-23.002222,POINT (368248.68293934595 7455656.6169750225),9,0,False,135.0,1.0,184.0,7371.0,5.0,15.0,7,6.0,30.0
dubardii_804,4326,44.732222,-16.931667,POINT (471486.44712923677 8127984.871431336),9,0,False,98.0,4.0,52.0,7811.0,9.0,18.0,5,8.0,49.0
perrieri_807,4326,46.109722,-24.310833,POINT (612602.9442835674 7310910.256040464),9,0,False,427.0,13.0,161.0,6633.0,9.0,22.0,7,6.0,0.0
perrieri_809,4326,46.15777,-24.33638,POINT (617455.2353885227 7308041.618179116),9,0,False,233.0,2.0,235.0,7307.0,9.0,6.0,12,6.0,99.0
resinosa_811,4326,48.482222,-20.801944,POINT (862546.49456094 7695855.550765952),9,1,False,4.0,1.0,241.0,7521.0,,21.0,16,3.0,73.0
resinosa_816,4326,48.605833,-20.359444,POINT (876515.097472524 7744616.072313964),9,0,False,8.0,3.0,292.0,7574.0,1.0,21.0,16,3.0,32.0
perrieri_823,4326,44.272222,-22.853611,POINT (425334.6020387369 7472501.129658243),9,0,False,417.0,2.0,118.0,7415.0,7.0,16.0,4,6.0,24.0
perrieri_826,4326,44.263056,-22.845833,POINT (424389.89161773876 7473357.517090762),9,0,False,511.0,20.0,64.0,7633.0,9.0,18.0,7,6.0,19.0
perrieri_839,4326,46.145833,-24.303611,POINT (616274.0138389035 7311680.2718815375),9,0,False,372.0,12.0,271.0,7183.0,9.0,22.0,12,6.0,99.0
millotii_844,4326,49.786667,-16.4525,POINT (1011467.5626294343 8174949.434287034),9,0,False,291.0,4.0,62.0,7830.0,10.0,11.0,14,2.0,96.0
dubardii_854,4326,49.174722,-12.482778,POINT (953998.425574085 8616481.108686537),9,0,False,735.0,17.0,84.0,7848.0,9.0,8.0,14,12.0,100.0
pervilleana_855,4326,44.561389,-18.117778,POINT (453598.0444822846 7996728.646278196),9,0,False,346.0,4.0,25.0,7781.0,7.0,6.0,5,8.0,91.0
perrieri_857,4326,44.472222,-17.939722,POINT (444108.44066143275 8016404.069405051),9,0,False,226.0,7.0,256.0,7610.0,7.0,16.0,5,8.0,83.0
dubardii_859,4326,49.174722,-12.482778,POINT (953998.425574085 8616481.108686537),9,0,False,735.0,17.0,84.0,7848.0,9.0,8.0,14,12.0,100.0
tsirananae_869,4326,49.3375,-12.323889,POINT (972017.7710497924 8633812.113639003),9,0,False,299.0,18.0,123.0,7208.0,5.0,23.0,5,1.0,40.0
dubardii_876,4326,49.174722,-12.482778,POINT (953998.425574085 8616481.108686537),9,0,False,735.0,17.0,84.0,7848.0,9.0,8.0,14,12.0,100.0
pervilleana_878,4326,44.561389,-18.117778,POINT (453598.0444822846 7996728.646278196),9,0,False,346.0,4.0,25.0,7781.0,7.0,6.0,5,8.0,91.0
millotii_885,4326,48.556111,-19.158611,POINT (874113.995799795 7877808.812782688),9,0,False,640.0,18.0,106.0,7313.0,10.0,11.0,14,2.0,37.0
dubardii_886,4326,49.1725,-12.487778,POINT (953747.6522378414 8615930.676070265),9,0,False,751.0,14.0,262.0,7917.0,9.0,8.0,14,12.0,100.0
dubardii_887,4326,49.218333,-12.578889,POINT (958578.37993952 8605751.270235546),9,0,False,865.0,8.0,199.0,7779.0,9.0,8.0,14,1.0,68.0
perrieri_888,4326,44.561944,-18.111389,POINT (453655.0801252412 7997435.6652677115),9,0,False,272.0,9.0,170.0,7307.0,7.0,6.0,5,8.0,68.0
perrieri_892,4326,44.156111,-22.718056,POINT (413336.17977458896 7487444.3116107825),9,0,False,1026.0,4.0,147.0,7417.0,9.0,18.0,9,6.0,51.0
perrieri_894,4326,44.145556,-22.707778,POINT (412245.6174909298 7488575.926597946),9,0,False,906.0,10.0,264.0,7553.0,9.0,18.0,22,6.0,100.0
millotii_899,4326,48.556111,-19.158611,POINT (874113.995799795 7877808.812782688),9,0,False,640.0,18.0,106.0,7313.0,10.0,11.0,14,2.0,37.0
dubardii_900,4326,49.1725,-12.487778,POINT (953747.6522378414 8615930.676070265),9,0,False,751.0,14.0,262.0,7917.0,9.0,8.0,14,12.0,100.0
dubardii_901,4326,49.218333,-12.578889,POINT (958578.37993952 8605751.270235546),9,0,False,865.0,8.0,199.0,7779.0,9.0,8.0,14,1.0,68.0
perrieri_903,4326,44.561944,-18.111389,POINT (453655.0801252412 7997435.6652677115),9,0,False,272.0,9.0,170.0,7307.0,7.0,6.0,5,8.0,68.0
heimii_914,4326,49.583333,-12.970278,POINT (997562.5370361647 8561677.38843384),9,0,False,95.0,9.0,201.0,7586.0,10.0,10.0,6,1.0,6.0
abbayesii_924,4326,47.136111,-24.842778,POINT (715860.4092442521 7250769.964015225),9,1,False,5.0,3.0,311.0,7362.0,,21.0,7,5.0,18.0
abbayesii_947,4326,47.166111,-24.796389,POINT (718974.5237810896 7255860.966205925),9,0,False,0.0,0.0,246.0,7250.0,2.0,21.0,6,5.0,18.0
perrieri_966,4326,44.324103,-18.035903,POINT (428460.9159202189 8005711.63349002),9,0,False,98.0,2.0,223.0,7656.0,9.0,18.0,6,8.0,0.0
pervilleana_967,4326,44.2843,-17.543506,POINT (424039.94182844 8060174.991797281),9,0,False,91.0,2.0,65.0,7729.0,9.0,18.0,7,8.0,27.0
pervilleana_974,4326,44.324308,-18.035903,POINT (428482.61458970286 8005711.7127337),9,0,False,98.0,2.0,223.0,7656.0,9.0,18.0,6,8.0,0.0
perrieri_975,4326,44.287778,-22.820556,POINT (426912.9520842602 7476168.222233592),9,0,False,529.0,13.0,345.0,7973.0,7.0,18.0,6,6.0,18.0
resinosa_1010,4326,47.683333,-23.183333,POINT (774689.0495582593 7433651.614332899),9,0,False,12.0,2.0,276.0,7297.0,9.0,19.0,16,4.0,0.0
tsirananae_1011,4326,49.21111,-12.17833,POINT (958492.770916003 8650167.71906347),9,0,False,82.0,13.0,272.0,7765.0,6.0,23.0,5,12.0,17.0
tsirananae_1014,4326,49.35805,-12.35083,POINT (974209.3759546173 8630788.703325663),9,0,False,160.0,11.0,284.0,7929.0,6.0,20.0,5,1.0,55.0
dubardii_1018,4326,44.749167,-16.958611,POINT (473294.59883002134 8125006.562071315),9,0,False,199.0,5.0,141.0,7620.0,9.0,18.0,5,8.0,71.0
pervilleana_1020,4326,49.36583,-12.37888,POINT (975006.5888685924 8627664.81945074),9,0,False,277.0,11.0,175.0,7910.0,6.0,20.0,7,1.0,33.0
heimii_1022,4326,49.35305,-12.37361,POINT (973623.1924143073 8628271.887355782),9,0,False,250.0,14.0,331.0,8092.0,6.0,20.0,5,1.0,47.0
pervilleana_1023,4326,49.36583,-12.37888,POINT (975006.5888685924 8627664.81945074),9,0,False,277.0,11.0,175.0,7910.0,6.0,20.0,7,1.0,33.0
heimii_1025,4326,49.45611,-12.58472,POINT (984462.6304257289 8604676.940310588),9,0,False,251.0,3.0,268.0,7940.0,6.0,17.0,6,1.0,21.0
humbertii_1031,4326,43.625806,-23.250722,POINT (359422.60418981465 7428059.369993826),9,1,False,6.0,1.0,341.0,7370.0,,3.0,6,6.0,9.0
perrieri_1035,4326,46.673333,-24.798889,POINT (669145.0586935519 7256284.505210571),9,0,False,177.0,11.0,154.0,6728.0,10.0,6.0,12,6.0,82.0
abbayesii_1042,4326,47.166111,-24.796389,POINT (718974.5237810896 7255860.966205925),9,0,False,0.0,0.0,246.0,7250.0,2.0,21.0,6,5.0,18.0
resinosa_1046,4326,47.683333,-23.183333,POINT (774689.0495582593 7433651.614332899),9,0,False,12.0,2.0,276.0,7297.0,9.0,19.0,16,4.0,0.0
tsirananae_1047,4326,49.21111,-12.17833,POINT (958492.770916003 8650167.71906347),9,0,False,82.0,13.0,272.0,7765.0,6.0,23.0,5,12.0,17.0
humbertii_1049,4326,46.981111,-24.884722,POINT (700125.395282866 7246360.4464457035),9,0,False,308.0,23.0,156.0,5548.0,10.0,9.0,14,5.0,90.0
heimii_1050,4326,49.45611,-12.58472,POINT (984462.6304257289 8604676.940310588),9,0,False,251.0,3.0,268.0,7940.0,6.0,17.0,6,1.0,21.0
pervilleana_1053,4326,49.36583,-12.37888,POINT (975006.5888685924 8627664.81945074),9,0,False,277.0,11.0,175.0,7910.0,6.0,20.0,7,1.0,33.0
resinosa_1056,4326,47.753611,-23.089722,POINT (782083.1109208111 7443888.286225902),9,1,False,4.0,1.0,296.0,7386.0,2.0,,16,4.0,46.0
abbayesii_1062,4326,47.136111,-24.842778,POINT (715860.4092442521 7250769.964015225),9,1,False,5.0,3.0,311.0,7362.0,,21.0,7,5.0,18.0
resinosa_1063,4326,47.733333,-23.166667,POINT (779844.8451066222 7435402.666992562),9,0,False,13.0,3.0,324.0,7458.0,9.0,21.0,4,4.0,51.0
millotii_1065,4326,49.98194,-15.62083,POINT (1034599.2158839884 8266735.733773035),9,0,False,306.0,16.0,329.0,8089.0,10.0,11.0,14,2.0,97.0
bertrandii_1068,4326,46.674722,-25.122222,POINT (668843.6342847437 7220470.852634992),9,0,False,110.0,15.0,119.0,6517.0,10.0,15.0,7,5.0,88.0
perrieri_1073,4326,46.109722,-24.310833,POINT (612602.9442835674 7310910.256040464),9,0,False,427.0,13.0,161.0,6633.0,9.0,22.0,7,6.0,0.0
perrieri_1075,4326,46.15777,-24.33638,POINT (617455.2353885227 7308041.618179116),9,0,False,233.0,2.0,235.0,7307.0,9.0,6.0,12,6.0,99.0
perrieri_1079,4326,45.365556,-21.188611,POINT (537944.0601335384 7656934.283102252),9,0,False,686.0,16.0,212.0,6663.0,6.0,22.0,22,18.0,8.0
dubardii_1084,4326,49.133333,-12.566667,POINT (949344.4955407982 8607253.191135047),9,0,False,1129.0,7.0,267.0,8105.0,9.0,18.0,14,12.0,100.0
perrieri_1091,4326,44.263056,-22.845833,POINT (424389.89161773876 7473357.517090762),9,0,False,511.0,20.0,64.0,7633.0,9.0,18.0,7,6.0,19.0
abbayesii_1093,4326,46.45,-24.36666,POINT (647070.6204618097 7304410.220689219),9,0,False,408.0,1.0,307.0,7430.0,10.0,6.0,7,6.0,0.0
resinosa_1094,4326,48.554167,-20.3725,POINT (871083.6199276892 7743286.659036701),9,0,False,5.0,1.0,2.0,7543.0,6.0,19.0,16,3.0,1.0
perrieri_1095,4326,44.156111,-22.718056,POINT (413336.17977458896 7487444.3116107825),9,0,False,1026.0,4.0,147.0,7417.0,9.0,18.0,9,6.0,51.0
perrieri_1096,4326,46.145833,-24.303611,POINT (616274.0138389035 7311680.2718815375),9,0,False,372.0,12.0,271.0,7183.0,9.0,22.0,12,6.0,99.0
resinosa_1105,4326,47.701944,-23.175278,POINT (776611.7866381853 7434508.718005167),9,0,False,12.0,0.0,174.0,7360.0,9.0,12.0,15,4.0,7.0
perrieri_1123,4326,44.145556,-22.707778,POINT (412245.6174909298 7488575.926597946),9,0,False,906.0,10.0,264.0,7553.0,9.0,18.0,22,6.0,100.0
perrieri_1130,4326,44.288056,-22.820833,POINT (426941.62881102914 7476137.694961881),9,0,False,529.0,13.0,345.0,7973.0,7.0,18.0,6,6.0,18.0
dubardii_1132,4326,44.749167,-16.958611,POINT (473294.59883002134 8125006.562071315),9,0,False,199.0,5.0,141.0,7620.0,9.0,18.0,5,8.0,71.0
dubardii_1138,4326,49.174722,-12.482778,POINT (953998.425574085 8616481.108686537),9,0,False,735.0,17.0,84.0,7848.0,9.0,8.0,14,12.0,100.0
perrieri_1140,4326,44.287778,-22.820556,POINT (426912.9520842602 7476168.222233592),9,0,False,529.0,13.0,345.0,7973.0,7.0,18.0,6,6.0,18.0
dubardii_1142,4326,49.1725,-12.487778,POINT (953747.6522378414 8615930.676070265),9,0,False,751.0,14.0,262.0,7917.0,9.0,8.0,14,12.0,100.0
dubardii_1143,4326,49.218333,-12.578889,POINT (958578.37993952 8605751.270235546),9,0,False,865.0,8.0,199.0,7779.0,9.0,8.0,14,1.0,68.0
pervilleana_1149,4326,44.561389,-18.117778,POINT (453598.0444822846 7996728.646278196),9,0,False,346.0,4.0,25.0,7781.0,7.0,6.0,5,8.0,91.0
perrieri_1150,4326,44.561944,-18.111389,POINT (453655.0801252412 7997435.6652677115),9,0,False,272.0,9.0,170.0,7307.0,7.0,6.0,5,8.0,68.0
abbayesii_1172,4326,47.136667,-24.835833,POINT (715928.6693715989 7251538.425058084),9,0,False,5.0,3.0,120.0,7187.0,2.0,21.0,7,5.0,7.0
tsirananae_1173,4326,49.35305,-12.37361,POINT (973623.1924143073 8628271.887355782),9,0,False,250.0,14.0,331.0,8092.0,6.0,20.0,5,1.0,47.0
millotii_1178,4326,49.861111,-14.401111,POINT (1024587.2632736877 8402367.690688357),9,0,False,410.0,24.0,157.0,6554.0,10.0,9.0,14,14.0,100.0
resinosa_1180,4326,47.700278,-23.178611,POINT (776434.2876125993 7434142.631072203),9,0,False,12.0,0.0,174.0,7360.0,9.0,12.0,15,4.0,7.0
tsirananae_1183,4326,49.218611,-12.165556,POINT (959332.8350570735 8651571.060893547),9,0,False,91.0,4.0,239.0,7837.0,6.0,23.0,6,12.0,4.0
millotii_1184,4326,48.2925,-18.86611,POINT (846963.5556543547 7910760.968677763),9,0,False,1023.0,7.0,179.0,7592.0,10.0,9.0,14,2.0,60.0
tsirananae_1210,4326,49.35805,-12.35083,POINT (974209.3759546173 8630788.703325663),9,0,False,160.0,11.0,284.0,7929.0,6.0,20.0,5,1.0,55.0
dubardii_1211,4326,44.732222,-16.931667,POINT (471486.44712923677 8127984.871431336),9,0,False,98.0,4.0,52.0,7811.0,9.0,18.0,5,8.0,49.0
heimii_1219,4326,49.35305,-12.37361,POINT (973623.1924143073 8628271.887355782),9,0,False,250.0,14.0,331.0,8092.0,6.0,20.0,5,1.0,47.0
dubardii_1221,4326,49.10972,-12.90888,POINT (946172.4869802331 8569361.573989293),9,0,False,136.0,5.0,287.0,7919.0,7.0,22.0,5,13.0,44.0
humbertii_1222,4326,43.714444,-23.002222,POINT (368248.68293934595 7455656.6169750225),9,0,False,135.0,1.0,184.0,7371.0,5.0,15.0,7,6.0,30.0
millotii_1229,4326,48.31888,-18.86944,POINT (849739.0276151416 7910340.056757211),9,0,False,1009.0,4.0,276.0,7805.0,11.0,7.0,14,2.0,66.0
resinosa_1237,4326,48.482222,-20.801944,POINT (862546.49456094 7695855.550765952),9,1,False,4.0,1.0,241.0,7521.0,,21.0,16,3.0,73.0
resinosa_1238,4326,47.724167,-23.170278,POINT (778898.4273240004 7435020.213109655),9,0,False,46.0,8.0,263.0,7236.0,9.0,21.0,16,4.0,0.0
resinosa_1239,4326,48.605833,-20.359444,POINT (876515.097472524 7744616.072313964),9,0,False,8.0,3.0,292.0,7574.0,1.0,21.0,16,3.0,32.0
resinosa_1243,4326,49.256667,-18.565556,POINT (949495.5412336814 7941918.554668624),9,1,False,8.0,3.0,115.0,7582.0,2.0,,16,2.0,34.0
resinosa_1245,4326,49.23388,-18.595,POINT (947008.7347414009 7938710.59530902),9,0,False,14.0,1.0,234.0,7606.0,2.0,21.0,15,2.0,24.0
resinosa_1247,4326,49.70611,-16.76055,POINT (1002039.2629539109 8140978.508391662),9,0,False,13.0,1.0,213.0,7688.0,1.0,21.0,16,2.0,59.0
resinosa_1248,4326,49.70972,-16.76111,POINT (1002423.623921355 8140907.22037609),9,0,False,13.0,1.0,213.0,7688.0,1.0,21.0,16,2.0,59.0
millotii_1274,4326,49.786667,-16.4525,POINT (1011467.5626294343 8174949.434287034),9,0,False,291.0,4.0,62.0,7830.0,10.0,11.0,14,2.0,96.0
resinosa_1275,4326,49.405833,-17.688889,POINT (967602.4266189564 8038763.60339047),9,0,False,60.0,5.0,158.0,7521.0,10.0,10.0,16,2.0,3.0
millotii_1279,4326,49.198056,-18.036111,POINT (944650.4678264419 8000769.263014873),9,0,False,254.0,13.0,125.0,7332.0,10.0,11.0,4,2.0,0.0
millotii_1290,4326,48.556111,-19.158611,POINT (874113.995799795 7877808.812782688),9,0,False,640.0,18.0,106.0,7313.0,10.0,11.0,14,2.0,37.0
resinosa_1293,4326,49.678333,-16.765833,POINT (999056.6788974418 8140462.722277711),9,0,False,19.0,1.0,111.0,7712.0,1.0,19.0,16,2.0,99.0
heimii_1294,4326,49.583333,-12.970278,POINT (997562.5370361647 8561677.38843384),9,0,False,95.0,9.0,201.0,7586.0,10.0,10.0,6,1.0,6.0
perrieri_1298,4326,46.109722,-24.310833,POINT (612602.9442835674 7310910.256040464),9,0,False,427.0,13.0,161.0,6633.0,9.0,22.0,7,6.0,0.0
perrieri_1299,4326,46.145833,-24.303611,POINT (616274.0138389035 7311680.2718815375),9,0,False,372.0,12.0,271.0,7183.0,9.0,22.0,12,6.0,99.0
perrieri_1300,4326,45.365556,-21.188611,POINT (537944.0601335384 7656934.283102252),9,0,False,686.0,16.0,212.0,6663.0,6.0,22.0,22,18.0,8.0
millotii_1301,4326,49.786667,-16.4525,POINT (1011467.5626294343 8174949.434287034),9,0,False,291.0,4.0,62.0,7830.0,10.0,11.0,14,2.0,96.0
humbertii_1303,4326,43.625806,-23.250722,POINT (359422.60418981465 7428059.369993826),9,1,False,6.0,1.0,341.0,7370.0,,3.0,6,6.0,9.0
perrieri_1307,4326,45.989986,-17.052635,POINT (605352.2245996634 8114355.277964734),9,0,False,130.0,2.0,42.0,7790.0,7.0,20.0,1,8.0,15.0
perrieri_1311,4326,45.985053,-17.067958,POINT (604818.6700343543 8112662.606182978),9,0,False,175.0,7.0,31.0,7933.0,7.0,20.0,7,8.0,52.0
dubardii_1316,4326,49.16667,-12.95,POINT (952290.7947331636 8564703.283373158),9,0,False,170.0,4.0,340.0,7887.0,7.0,6.0,5,13.0,2.0
dubardii_1317,4326,49.16667,-12.95,POINT (952290.7947331636 8564703.283373158),9,0,False,170.0,4.0,340.0,7887.0,7.0,6.0,5,13.0,2.0
tsirananae_1321,4326,49.371244,-12.226533,POINT (975871.8191408159 8644546.725111166),9,6,False,,,,,2.0,,25,1.0,
heimii_1322,4326,49.263119,-12.279828,POINT (963987.2160799548 8638826.905155072),9,8,False,,,,,,,25,,
tsirananae_1328,4326,47.863972,-21.382389,POINT (796975.9344399704 7632823.713043112),9,0,False,201.0,15.0,48.0,7777.0,10.0,11.0,16,3.0,0.0
resinosa_1338,4326,49.681278,-16.867389,POINT (999104.5170429867 8129189.366791048),9,0,False,9.0,1.0,121.0,7701.0,1.0,21.0,16,2.0,0.0
perrieri_1349,4326,47.863972,-21.382389,POINT (796975.9344399704 7632823.713043112),9,0,False,201.0,15.0,48.0,7777.0,10.0,11.0,16,3.0,0.0
heimii_1372,4326,47.863972,-21.382389,POINT (796975.9344399704 7632823.713043112),9,0,False,201.0,15.0,48.0,7777.0,10.0,11.0,16,3.0,0.0
dubardii_1383,4326,47.863972,-21.382389,POINT (796975.9344399704 7632823.713043112),9,0,False,201.0,15.0,48.0,7777.0,10.0,11.0,16,3.0,0.0
arenesiana_1389,4326,47.863972,-21.382389,POINT (796975.9344399704 7632823.713043112),9,0,False,201.0,15.0,48.0,7777.0,10.0,11.0,16,3.0,0.0
resinosa_1434,4326,48.605833,-20.359444,POINT (876515.097472524 7744616.072313964),9,0,False,8.0,3.0,292.0,7574.0,1.0,21.0,16,3.0,32.0
resinosa_1435,4326,47.727056,-23.013667,POINT (779518.5001933372 7452365.359357076),9,0,False,45.0,7.0,123.0,7141.0,10.0,7.0,14,4.0,90.0
resinosa_1442,4326,48.482222,-20.801944,POINT (862546.49456094 7695855.550765952),9,1,False,4.0,1.0,241.0,7521.0,,21.0,16,3.0,73.0
resinosa_1443,4326,49.234,-18.595139,POINT (947021.0588626126 7938694.882673698),9,0,False,14.0,1.0,234.0,7606.0,2.0,21.0,15,2.0,24.0
millotii_1445,4326,47.867861,-21.377889,POINT (797388.5523752098 7633314.85921484),9,0,False,92.0,13.0,173.0,6717.0,10.0,11.0,16,3.0,16.0
millotii_1447,4326,47.867861,-21.377889,POINT (797388.5523752098 7633314.85921484),9,0,False,92.0,13.0,173.0,6717.0,10.0,11.0,16,3.0,16.0
millotii_1448,4326,47.867861,-21.377889,POINT (797388.5523752098 7633314.85921484),9,0,False,92.0,13.0,173.0,6717.0,10.0,11.0,16,3.0,16.0
millotii_1449,4326,47.863972,-21.382389,POINT (796975.9344399704 7632823.713043112),9,0,False,201.0,15.0,48.0,7777.0,10.0,11.0,16,3.0,0.0
millotii_1450,4326,47.863972,-21.382389,POINT (796975.9344399704 7632823.713043112),9,0,False,201.0,15.0,48.0,7777.0,10.0,11.0,16,3.0,0.0
millotii_1451,4326,47.863972,-21.382389,POINT (796975.9344399704 7632823.713043112),9,0,False,201.0,15.0,48.0,7777.0,10.0,11.0,16,3.0,0.0
millotii_1452,4326,47.863972,-21.382389,POINT (796975.9344399704 7632823.713043112),9,0,False,201.0,15.0,48.0,7777.0,10.0,11.0,16,3.0,0.0
resinosa_1460,4326,48.554167,-20.3725,POINT (871083.6199276892 7743286.659036701),9,0,False,5.0,1.0,2.0,7543.0,6.0,19.0,16,3.0,1.0
humbertii_1478,4326,44.681028,-22.878083,POINT (467281.86004469974 7469940.902690305),9,0,False,822.0,3.0,228.0,7435.0,6.0,16.0,22,6.0,100.0
perrieri_1479,4326,47.863972,-21.382389,POINT (796975.9344399704 7632823.713043112),9,0,False,201.0,15.0,48.0,7777.0,10.0,11.0,16,3.0,0.0
resinosa_1484,4326,49.706111,-16.760556,POINT (1002039.3540316921 8140977.840236956),9,0,False,13.0,1.0,213.0,7688.0,1.0,21.0,16,2.0,59.0
humbertii_1487,4326,44.681028,-22.878083,POINT (467281.86004469974 7469940.902690305),9,0,False,822.0,3.0,228.0,7435.0,6.0,16.0,22,6.0,100.0
bertrandii_1551,4326,47.87025,-21.377056,POINT (797638.1241648034 7633402.610794082),9,0,False,92.0,13.0,173.0,6717.0,10.0,11.0,16,3.0,16.0
abbayesii_1562,4326,47.867861,-21.377889,POINT (797388.5523752098 7633314.85921484),9,0,False,92.0,13.0,173.0,6717.0,10.0,11.0,16,3.0,16.0
abbayesii_1570,4326,47.863972,-21.382389,POINT (796975.9344399704 7632823.713043112),9,0,False,201.0,15.0,48.0,7777.0,10.0,11.0,16,3.0,0.0
perrieri_1573,4326,45.989,-17.06269,POINT (605241.6544511776 8113243.330755414),9,0,False,169.0,5.0,223.0,7472.0,7.0,20.0,5,8.0,21.0
heimii_1585,4326,49.347115,-12.210881,POINT (973268.3172334379 8646324.57726909),9,8,False,,,,,,,25,,
tsirananae_1586,4326,49.251716,-12.382886,POINT (962562.6489019138 8627421.601399792),9,0,False,83.0,4.0,290.0,7884.0,9.0,8.0,7,1.0,9.0
tsirananae_1590,4326,49.266346,-12.314212,POINT (964278.4639289188 8635009.46026732),9,0,False,51.0,1.0,132.0,7898.0,1.0,4.0,6,1.0,0.0
tsirananae_1591,4326,49.355849,-12.251702,POINT (974147.8238659615 8641783.286370104),9,0,False,79.0,2.0,108.0,7900.0,7.0,16.0,6,1.0,0.0
heimii_1592,4326,49.303872,-12.318289,POINT (968361.9252714938 8634492.083777336),9,0,False,71.0,6.0,85.0,7863.0,7.0,4.0,6,1.0,0.0
tsirananae_1593,4326,49.281018,-12.403209,POINT (965719.7549195476 8625117.42829332),9,0,False,184.0,3.0,313.0,7969.0,9.0,8.0,7,1.0,3.0
heimii_1594,4326,49.226443,-12.281807,POINT (959985.3753017825 8638670.640734412),9,8,False,,,,,,,25,,
tsirananae_1595,4326,49.297935,-12.30587,POINT (967736.7949204224 8635879.310895983),9,0,False,66.0,1.0,290.0,7918.0,9.0,4.0,13,1.0,0.0
tsirananae_1597,4326,49.219958,-12.50737,POINT (958882.377205497 8613676.766727574),9,0,False,731.0,6.0,189.0,8019.0,9.0,8.0,7,1.0,47.0
resinosa_1600,4326,49.405833,-17.688889,POINT (967602.4266189564 8038763.60339047),9,0,False,60.0,5.0,158.0,7521.0,10.0,10.0,16,2.0,3.0
perrieri_1601,4326,47.781762,-14.79531,POINT (799445.7802546229 8362456.057627623),9,0,False,185.0,4.0,54.0,7925.0,6.0,16.0,2,9.0,43.0
dubardii_1606,4326,49.13,-12.57,POINT (948975.7790334914 8606889.449001227),9,0,False,1034.0,10.0,280.0,8078.0,9.0,18.0,14,12.0,100.0
humbertii_1610,4326,44.68,-22.83,POINT (467164.8675717368 7475263.408898808),9,0,False,680.0,2.0,288.0,7571.0,6.0,16.0,22,6.0,100.0
humbertii_1613,4326,44.68,-22.88,POINT (467176.87430427194 7469728.463659207),9,0,False,822.0,3.0,228.0,7435.0,6.0,16.0,22,6.0,100.0
resinosa_1615,4326,47.77,-23.04,POINT (783867.3495643341 7449365.253219774),9,0,False,2.0,1.0,213.0,7336.0,9.0,21.0,7,4.0,1.0
pervilleana_1617,4326,44.516667,-18.061111,POINT (448850.262265863 8002986.464598102),9,0,False,243.0,4.0,231.0,7572.0,7.0,16.0,5,8.0,42.0
perrieri_1620,4326,44.516667,-18.027778,POINT (448840.6253517031 8006674.421943056),9,0,False,340.0,15.0,56.0,7835.0,7.0,6.0,5,8.0,100.0
tsirananae_1623,4326,49.340235,-12.302029,POINT (972355.1505723498 8636230.935855007),9,6,False,,,,,7.0,4.0,25,,
tsirananae_1624,4326,49.322727,-12.338667,POINT (970380.8853054564 8632199.716197923),9,0,False,40.0,5.0,295.0,7956.0,7.0,23.0,6,1.0,0.0
heimii_1625,4326,49.3425,-12.396327,POINT (972432.2872414208 8625771.941739332),9,0,False,141.0,7.0,246.0,7788.0,7.0,20.0,7,1.0,4.0
heimii_1626,4326,49.2757,-12.398991,POINT (965147.7496670873 8625594.36152296),9,0,False,184.0,3.0,313.0,7969.0,9.0,8.0,7,1.0,3.0
millotii_1628,4326,47.9425,-21.406944,POINT (805073.0091272548 7629952.707314572),9,0,False,465.0,28.0,157.0,6070.0,10.0,11.0,4,3.0,47.0
millotii_1629,4326,47.941111,-21.402778,POINT (804937.5607366718 7630416.943896845),9,0,False,211.0,18.0,347.0,8061.0,10.0,11.0,16,3.0,18.0
resinosa_1632,4326,47.699444,-23.175556,POINT (776355.1456912265 7434482.672752829),9,0,False,12.0,0.0,174.0,7360.0,9.0,12.0,15,4.0,7.0
resinosa_1685,4326,48.60583,-20.35944,POINT (876514.7936214907 7744616.5225164965),9,0,False,8.0,3.0,292.0,7574.0,1.0,21.0,16,3.0,32.0
dubardii_1722,4326,47.8675,-21.375833,POINT (797355.2531098193 7633543.307278467),9,0,False,92.0,13.0,173.0,6717.0,10.0,11.0,16,3.0,16.0
pervilleana_1728,4326,47.8675,-21.376389,POINT (797354.1285826379 7633481.713490407),9,0,False,92.0,13.0,173.0,6717.0,10.0,11.0,16,3.0,16.0
perrieri_1735,4326,47.867222,-21.376389,POINT (797325.2827298145 7633482.240114497),9,0,False,92.0,13.0,173.0,6717.0,10.0,11.0,16,3.0,16.0
perrieri_1737,4326,47.867222,-21.376389,POINT (797325.2827298145 7633482.240114497),9,0,False,92.0,13.0,173.0,6717.0,10.0,11.0,16,3.0,16.0
resinosa_1738,4326,47.8675,-21.375833,POINT (797355.2531098193 7633543.307278467),9,0,False,92.0,13.0,173.0,6717.0,10.0,11.0,16,3.0,16.0
millotii_1740,4326,47.8675,-21.375833,POINT (797355.2531098193 7633543.307278467),9,0,False,92.0,13.0,173.0,6717.0,10.0,11.0,16,3.0,16.0
tsirananae_1744,4326,49.322106,-12.239535,POINT (970490.0001921058 8643191.472560259),9,8,False,,,,,,,25,,
resinosa_1746,4326,47.771282,-23.045858,POINT (783986.5024528251 7448713.751088722),9,0,False,4.0,2.0,275.0,7405.0,9.0,21.0,16,4.0,40.0
millotii_1752,4326,47.868056,-21.373333,POINT (797418.0020157011 7633819.204446303),9,0,False,92.0,13.0,173.0,6717.0,10.0,11.0,16,3.0,16.0
heimii_1753,4326,49.569592,-12.454103,POINT (997074.80834441 8618950.269213684),9,7,False,,,,,,4.0,25,,
heimii_1754,4326,49.549809,-12.580463,POINT (994676.992488631 8604973.911008792),9,0,False,4.0,1.0,250.0,7880.0,2.0,4.0,3,1.0,64.0
dubardii_1764,4326,49.133333,-12.566667,POINT (949344.4955407982 8607253.191135047),9,0,False,1129.0,7.0,267.0,8105.0,9.0,18.0,14,12.0,100.0
millotii_1768,4326,49.198056,-18.036111,POINT (944650.4678264419 8000769.263014873),9,0,False,254.0,13.0,125.0,7332.0,10.0,11.0,4,2.0,0.0
perrieri_1769,4326,44.145556,-22.707778,POINT (412245.6174909298 7488575.926597946),9,0,False,906.0,10.0,264.0,7553.0,9.0,18.0,22,6.0,100.0
resinosa_1773,4326,49.678333,-16.765833,POINT (999056.6788974418 8140462.722277711),9,0,False,19.0,1.0,111.0,7712.0,1.0,19.0,16,2.0,99.0
tsirananae_1778,4326,49.3375,-12.323889,POINT (972017.7710497924 8633812.113639003),9,0,False,299.0,18.0,123.0,7208.0,5.0,23.0,5,1.0,40.0
millotii_1785,4326,48.556111,-19.158611,POINT (874113.995799795 7877808.812782688),9,0,False,640.0,18.0,106.0,7313.0,10.0,11.0,14,2.0,37.0
dubardii_1788,4326,49.1725,-12.487778,POINT (953747.6522378414 8615930.676070265),9,0,False,751.0,14.0,262.0,7917.0,9.0,8.0,14,12.0,100.0
dubardii_1789,4326,49.174722,-12.482778,POINT (953998.425574085 8616481.108686537),9,0,False,735.0,17.0,84.0,7848.0,9.0,8.0,14,12.0,100.0
dubardii_1790,4326,49.218333,-12.578889,POINT (958578.37993952 8605751.270235546),9,0,False,865.0,8.0,199.0,7779.0,9.0,8.0,14,1.0,68.0
perrieri_1791,4326,44.561944,-18.111389,POINT (453655.0801252412 7997435.6652677115),9,0,False,272.0,9.0,170.0,7307.0,7.0,6.0,5,8.0,68.0
perrieri_1795,4326,44.472222,-17.939722,POINT (444108.44066143275 8016404.069405051),9,0,False,226.0,7.0,256.0,7610.0,7.0,16.0,5,8.0,83.0
pervilleana_1799,4326,44.561389,-18.117778,POINT (453598.0444822846 7996728.646278196),9,0,False,346.0,4.0,25.0,7781.0,7.0,6.0,5,8.0,91.0
resinosa_1812,4326,48.343055,-18.791944,POINT (852450.7416638725 7918878.308459453),9,0,False,1016.0,8.0,0.0,7730.0,10.0,7.0,14,2.0,96.0
millotii_1813,4326,48.292499,-18.866111,POINT (846963.4481209577 7910760.859848028),9,0,False,1023.0,7.0,179.0,7592.0,10.0,9.0,14,2.0,60.0
dubardii_1816,4326,44.749166,-16.958611,POINT (473294.49236259685 8125006.5619353615),9,0,False,199.0,5.0,141.0,7620.0,9.0,18.0,5,8.0,71.0
pervilleana_1821,4326,44.561388,-18.117777,POINT (453597.9384242575 7996728.756666439),9,0,False,346.0,4.0,25.0,7781.0,7.0,6.0,5,8.0,91.0
perrieri_1822,4326,44.561944,-18.111388,POINT (453655.07986227487 7997435.775907729),9,0,False,272.0,9.0,170.0,7307.0,7.0,6.0,5,8.0,68.0
tsirananae_1833,4326,49.322867,-12.37262,POINT (970335.2553443364 8628435.124171881),9,0,False,281.0,11.0,62.0,7842.0,6.0,20.0,6,1.0,1.0
resinosa_1834,4326,49.6067,-13.2581,POINT (999520.5502611361 8529708.990281457),9,0,False,648.0,26.0,177.0,7594.0,10.0,9.0,14,1.0,90.0
tsirananae_1836,4326,49.370555,-12.051886,POINT (976107.9081917845 8663911.926439818),9,8,False,,,,,,,25,,
tsirananae_1837,4326,49.299349,-12.17709,POINT (968118.5360298271 8650154.135006022),9,6,False,,,,,,4.0,25,12.0,
tsirananae_1838,4326,49.286155,-12.355806,POINT (966363.9915189231 8630363.731884366),9,0,False,113.0,3.0,40.0,7977.0,9.0,23.0,6,1.0,0.0
tsirananae_1839,4326,49.333392,-12.276174,POINT (971655.3476471183 8639109.547239406),9,8,False,,,,,,,25,,
heimii_1840,4326,49.319958,-12.231176,POINT (970270.6064264355 8644121.97451932),9,8,False,,,,,,,25,,
tsirananae_1842,4326,49.251149,-12.267834,POINT (962703.2476591539 8640177.215098938),9,0,False,67.0,1.0,10.0,7936.0,7.0,17.0,6,12.0,0.0
tsirananae_1843,4326,49.389809,-12.366895,POINT (977642.0487593433 8628950.801429057),9,0,False,263.0,12.0,291.0,7963.0,5.0,23.0,5,1.0,55.0
heimii_1844,4326,49.202966,-12.221671,POINT (957530.000239063 8645377.025161961),9,0,False,82.0,8.0,100.0,7834.0,6.0,23.0,6,12.0,3.0
heimii_1845,4326,49.398762,-12.38876,POINT (978577.9713838883 8626510.356607465),9,0,False,82.0,10.0,57.0,7971.0,6.0,23.0,7,1.0,12.0
tsirananae_1846,4326,49.352042,-12.383784,POINT (973494.9223408515 8627145.654388934),9,0,False,255.0,11.0,36.0,8066.0,6.0,20.0,7,1.0,2.0
heimii_1848,4326,49.306528,-12.355424,POINT (968585.2150284352 8630370.385262387),9,0,False,44.0,6.0,241.0,7877.0,7.0,23.0,7,1.0,0.0
tsirananae_1849,4326,49.397008,-12.255726,POINT (978628.8604573454 8641264.21378152),9,8,False,,,,,,,25,,
resinosa_1851,4326,49.606667,-13.258056,POINT (999517.0551808084 8529713.93662722),9,0,False,648.0,26.0,177.0,7594.0,10.0,9.0,14,1.0,90.0
tsirananae_1863,4326,49.220055,-12.254734,POINT (959336.040209731 8641682.768303737),9,7,False,,,,,,23.0,25,,
heimii_1864,4326,49.387585,-12.322474,POINT (977480.4254891395 8633880.097304637),9,0,False,14.0,2.0,294.0,7863.0,2.0,16.0,5,1.0,3.0
heimii_1865,4326,49.435269,-12.278797,POINT (982759.134614432 8638637.598548036),9,8,False,,,,,,,25,,
resinosa_1867,4326,47.773055,-23.042499,POINT (784175.3453126305 7449082.451882856),9,1,False,7.0,1.0,188.0,7355.0,2.0,,6,4.0,4.0
pervilleana_1871,4326,48.666667,-13.587777,POINT (896904.5278259984 8494876.075315997),9,0,False,19.0,3.0,351.0,7932.0,6.0,19.0,7,11.0,13.0
millotii_1872,4326,48.318888,-18.869444,POINT (849739.8630834795 7910339.597755337),9,0,False,1009.0,4.0,276.0,7805.0,11.0,7.0,14,2.0,66.0
pervilleana_1875,4326,48.666667,-13.587777,POINT (896904.5278259984 8494876.075315997),9,0,False,19.0,3.0,351.0,7932.0,6.0,19.0,7,11.0,13.0
abbayesii_1876,4326,46.962222,-24.836667,POINT (698293.4731815766 7251711.088876668),9,0,False,338.0,19.0,282.0,7315.0,10.0,9.0,14,5.0,99.0
humbertii_1879,4326,43.665555,-23.066388,POINT (363302.385971233 7448507.303666316),9,0,False,113.0,0.0,210.0,7380.0,2.0,15.0,11,6.0,100.0
dubardii_1887,4326,49.105,-12.846388,POINT (945770.0611607116 8576296.608845381),9,0,False,142.0,2.0,206.0,7872.0,9.0,8.0,7,12.0,13.0
dubardii_1888,4326,49.105,-12.846388,POINT (945770.0611607116 8576296.608845381),9,0,False,142.0,2.0,206.0,7872.0,9.0,8.0,7,12.0,13.0
tsirananae_1914,4326,49.201725,-12.347115,POINT (957177.3163527008 8631473.27732848),9,0,False,51.0,8.0,26.0,8001.0,7.0,23.0,7,12.0,0.0
dubardii_1924,4326,49.105,-12.8464,POINT (945770.0399355507 8576295.27873082),9,0,False,142.0,2.0,206.0,7872.0,9.0,8.0,7,12.0,13.0
perrieri_1937,4326,47.01973,-16.763061,POINT (715292.3355482183 8145561.28358515),9,0,False,42.0,1.0,320.0,7739.0,6.0,18.0,6,20.0,0.0
arenesiana_1938,4326,48.254139,-19.120401,POINT (842396.2634442383 7882663.036728507),9,0,False,971.0,2.0,202.0,7838.0,10.0,9.0,16,2.0,0.0
bertrandii_1942,4326,46.486576,-24.820319,POINT (650238.3690614552 7254129.565000778),9,0,False,91.0,2.0,115.0,7232.0,10.0,6.0,12,6.0,100.0
abbayesii_1943,4326,47.1401,-24.835216,POINT (716276.781554349 7251601.331429132),9,5,False,14.0,,,,,,15,5.0,48.0
perrieri_1945,4326,44.050504,-18.043941,POINT (399505.0474384375 8004695.0450102035),9,0,False,43.0,1.0,213.0,7618.0,2.0,16.0,5,8.0,13.0
resinosa_2300,4326,47.701944,-23.175278,POINT (776611.7866381853 7434508.718005167),9,0,False,12.0,0.0,174.0,7360.0,9.0,12.0,15,4.0,7.0
perrieri_2344,4326,46.109722,-24.310833,POINT (612602.9442835674 7310910.256040464),9,0,False,427.0,13.0,161.0,6633.0,9.0,22.0,7,6.0,0.0
perrieri_2378,4326,46.15777,-24.33638,POINT (617455.2353885227 7308041.618179116),9,0,False,233.0,2.0,235.0,7307.0,9.0,6.0,12,6.0,99.0
resinosa_2384,4326,47.733333,-23.166667,POINT (779844.8451066222 7435402.666992562),9,0,False,13.0,3.0,324.0,7458.0,9.0,21.0,4,4.0,51.0
resinosa_2385,4326,47.683333,-23.183333,POINT (774689.0495582593 7433651.614332899),9,0,False,12.0,2.0,276.0,7297.0,9.0,19.0,16,4.0,0.0
tsirananae_2389,4326,49.35805,-12.35083,POINT (974209.3759546173 8630788.703325663),9,0,False,160.0,11.0,284.0,7929.0,6.0,20.0,5,1.0,55.0
tsirananae_2390,4326,49.21111,-12.17833,POINT (958492.770916003 8650167.71906347),9,0,False,82.0,13.0,272.0,7765.0,6.0,23.0,5,12.0,17.0
dubardii_2392,4326,44.749167,-16.958611,POINT (473294.59883002134 8125006.562071315),9,0,False,199.0,5.0,141.0,7620.0,9.0,18.0,5,8.0,71.0
dubardii_2393,4326,44.732222,-16.931667,POINT (471486.44712923677 8127984.871431336),9,0,False,98.0,4.0,52.0,7811.0,9.0,18.0,5,8.0,49.0
heimii_2394,4326,49.35305,-12.37361,POINT (973623.1924143073 8628271.887355782),9,0,False,250.0,14.0,331.0,8092.0,6.0,20.0,5,1.0,47.0
tsirananae_2395,4326,49.35305,-12.37361,POINT (973623.1924143073 8628271.887355782),9,0,False,250.0,14.0,331.0,8092.0,6.0,20.0,5,1.0,47.0
pervilleana_2397,4326,49.36583,-12.37888,POINT (975006.5888685924 8627664.81945074),9,0,False,277.0,11.0,175.0,7910.0,6.0,20.0,7,1.0,33.0
dubardii_2403,4326,49.10972,-12.90888,POINT (946172.4869802331 8569361.573989293),9,0,False,136.0,5.0,287.0,7919.0,7.0,22.0,5,13.0,44.0
heimii_2404,4326,49.45611,-12.58472,POINT (984462.6304257289 8604676.940310588),9,0,False,251.0,3.0,268.0,7940.0,6.0,17.0,6,1.0,21.0
resinosa_2417,4326,47.700278,-23.178611,POINT (776434.2876125993 7434142.631072203),9,0,False,12.0,0.0,174.0,7360.0,9.0,12.0,15,4.0,7.0
humbertii_2420,4326,43.714444,-23.002222,POINT (368248.68293934595 7455656.6169750225),9,0,False,135.0,1.0,184.0,7371.0,5.0,15.0,7,6.0,30.0
resinosa_2422,4326,47.753611,-23.089722,POINT (782083.1109208111 7443888.286225902),9,1,False,4.0,1.0,296.0,7386.0,2.0,,16,4.0,46.0
tsirananae_2428,4326,49.218611,-12.165556,POINT (959332.8350570735 8651571.060893547),9,0,False,91.0,4.0,239.0,7837.0,6.0,23.0,6,12.0,4.0
millotii_2429,4326,48.31888,-18.86944,POINT (849739.0276151416 7910340.056757211),9,0,False,1009.0,4.0,276.0,7805.0,11.0,7.0,14,2.0,66.0
millotii_2431,4326,48.2925,-18.86611,POINT (846963.5556543547 7910760.968677763),9,0,False,1023.0,7.0,179.0,7592.0,10.0,9.0,14,2.0,60.0
abbayesii_2433,4326,46.45,-24.36666,POINT (647070.6204618097 7304410.220689219),9,0,False,408.0,1.0,307.0,7430.0,10.0,6.0,7,6.0,0.0
resinosa_2436,4326,48.482222,-20.801944,POINT (862546.49456094 7695855.550765952),9,1,False,4.0,1.0,241.0,7521.0,,21.0,16,3.0,73.0
resinosa_2437,4326,48.554167,-20.3725,POINT (871083.6199276892 7743286.659036701),9,0,False,5.0,1.0,2.0,7543.0,6.0,19.0,16,3.0,1.0
resinosa_2438,4326,47.724167,-23.170278,POINT (778898.4273240004 7435020.213109655),9,0,False,46.0,8.0,263.0,7236.0,9.0,21.0,16,4.0,0.0
resinosa_2440,4326,49.70611,-16.76055,POINT (1002039.2629539109 8140978.508391662),9,0,False,13.0,1.0,213.0,7688.0,1.0,21.0,16,2.0,59.0
millotii_2462,4326,49.98194,-15.62083,POINT (1034599.2158839884 8266735.733773035),9,0,False,306.0,16.0,329.0,8089.0,10.0,11.0,14,2.0,97.0
resinosa_2463,4326,49.256667,-18.565556,POINT (949495.5412336814 7941918.554668624),9,1,False,8.0,3.0,115.0,7582.0,2.0,,16,2.0,34.0
resinosa_2464,4326,48.605833,-20.359444,POINT (876515.097472524 7744616.072313964),9,0,False,8.0,3.0,292.0,7574.0,1.0,21.0,16,3.0,32.0
resinosa_2465,4326,49.23388,-18.595,POINT (947008.7347414009 7938710.59530902),9,0,False,14.0,1.0,234.0,7606.0,2.0,21.0,15,2.0,24.0
resinosa_2469,4326,49.70972,-16.76111,POINT (1002423.623921355 8140907.22037609),9,0,False,13.0,1.0,213.0,7688.0,1.0,21.0,16,2.0,59.0
resinosa_2480,4326,49.4,-17.28333,POINT (968022.253984275 8083754.561281942),9,0,False,14.0,1.0,351.0,7722.0,10.0,21.0,16,2.0,28.0
resinosa_2513,4326,47.70027,-23.17666,POINT (776437.4805357857 7434358.793032329),9,0,False,12.0,0.0,174.0,7360.0,9.0,12.0,15,4.0,7.0
resinosa_2514,4326,47.70111,-23.17222,POINT (776532.6517142393 7434849.093065027),9,0,False,12.0,0.0,174.0,7360.0,9.0,12.0,15,4.0,7.0
perrieri_2573,4326,44.156111,-22.718056,POINT (413336.17977458896 7487444.3116107825),9,0,False,1026.0,4.0,147.0,7417.0,9.0,18.0,9,6.0,51.0
heimii_2585,4326,49.583333,-12.970278,POINT (997562.5370361647 8561677.38843384),9,0,False,95.0,9.0,201.0,7586.0,10.0,10.0,6,1.0,6.0
millotii_2600,4326,49.550833,-13.218889,POINT (993530.3992038402 8534169.098471293),9,0,False,839.0,18.0,339.0,7857.0,10.0,9.0,14,1.0,100.0
abbayesii_2625,4326,47.136667,-24.835833,POINT (715928.6693715989 7251538.425058084),9,0,False,5.0,3.0,120.0,7187.0,2.0,21.0,7,5.0,7.0
abbayesii_2629,4326,47.136111,-24.842778,POINT (715860.4092442521 7250769.964015225),9,1,False,5.0,3.0,311.0,7362.0,,21.0,7,5.0,18.0
abbayesii_2634,4326,47.166111,-24.796389,POINT (718974.5237810896 7255860.966205925),9,0,False,0.0,0.0,246.0,7250.0,2.0,21.0,6,5.0,18.0
humbertii_2636,4326,46.981111,-24.884722,POINT (700125.395282866 7246360.4464457035),9,0,False,308.0,23.0,156.0,5548.0,10.0,9.0,14,5.0,90.0
heimii_2684,4326,47.863889,-21.3825,POINT (796967.0982798996 7632811.5735395495),9,0,False,201.0,15.0,48.0,7777.0,10.0,11.0,16,3.0,0.0
perrieri_2686,4326,47.863889,-21.3825,POINT (796967.0982798996 7632811.5735395495),9,0,False,201.0,15.0,48.0,7777.0,10.0,11.0,16,3.0,0.0
perrieri_2688,4326,47.863889,-21.3825,POINT (796967.0982798996 7632811.5735395495),9,0,False,201.0,15.0,48.0,7777.0,10.0,11.0,16,3.0,0.0
millotii_2689,4326,47.863889,-21.3825,POINT (796967.0982798996 7632811.5735395495),9,0,False,201.0,15.0,48.0,7777.0,10.0,11.0,16,3.0,0.0
millotii_2690,4326,47.863889,-21.3825,POINT (796967.0982798996 7632811.5735395495),9,0,False,201.0,15.0,48.0,7777.0,10.0,11.0,16,3.0,0.0
millotii_2692,4326,47.863889,-21.3825,POINT (796967.0982798996 7632811.5735395495),9,0,False,201.0,15.0,48.0,7777.0,10.0,11.0,16,3.0,0.0
millotii_2693,4326,47.870278,-21.376944,POINT (797641.2562474278 7633414.965102602),9,0,False,92.0,13.0,173.0,6717.0,10.0,11.0,16,3.0,16.0
millotii_2694,4326,47.863889,-21.3825,POINT (796967.0982798996 7632811.5735395495),9,0,False,201.0,15.0,48.0,7777.0,10.0,11.0,16,3.0,0.0
dubardii_2700,4326,47.863889,-21.3825,POINT (796967.0982798996 7632811.5735395495),9,0,False,201.0,15.0,48.0,7777.0,10.0,11.0,16,3.0,0.0
abbayesii_2702,4326,47.863889,-21.3825,POINT (796967.0982798996 7632811.5735395495),9,0,False,201.0,15.0,48.0,7777.0,10.0,11.0,16,3.0,0.0
arenesiana_2732,4326,47.928889,-18.919722,POINT (808519.6229292486 7905496.676447506),9,0,False,1174.0,8.0,338.0,7929.0,10.0,9.0,14,15.0,33.0
millotii_2733,4326,49.861111,-14.401111,POINT (1024587.2632736877 8402367.690688357),9,0,False,410.0,24.0,157.0,6554.0,10.0,9.0,14,14.0,100.0
perrieri_2735,4326,44.288056,-22.820833,POINT (426941.62881102914 7476137.694961881),9,0,False,529.0,13.0,345.0,7973.0,7.0,18.0,6,6.0,18.0
perrieri_2737,4326,44.287778,-22.820556,POINT (426912.9520842602 7476168.222233592),9,0,False,529.0,13.0,345.0,7973.0,7.0,18.0,6,6.0,18.0
bertrandii_2740,4326,46.674722,-25.122222,POINT (668843.6342847437 7220470.852634992),9,0,False,110.0,15.0,119.0,6517.0,10.0,15.0,7,5.0,88.0
perrieri_2746,4326,46.673333,-24.798889,POINT (669145.0586935519 7256284.505210571),9,0,False,177.0,11.0,154.0,6728.0,10.0,6.0,12,6.0,82.0
arenesiana_2749,4326,47.5331,-18.939287,POINT (766774.1131943119 7903975.383623635),9,0,False,1252.0,1.0,289.0,7911.0,1.0,10.0,4,20.0,0.0
humbertii_2753,4326,44.632515,-23.650485,POINT (462522.27672990534 7384420.542847861),9,0,False,143.0,1.0,312.0,7389.0,6.0,16.0,12,6.0,88.0
pervilleana_2754,4326,44.497196,-18.032096,POINT (446780.9327773554 8006191.189642539),9,0,False,229.0,2.0,10.0,7708.0,6.0,16.0,6,8.0,3.0
pervilleana_2761,4326,44.56139,-18.11778,POINT (453598.1508037 7996728.425249859),9,0,False,346.0,4.0,25.0,7781.0,7.0,6.0,5,8.0,91.0
pervilleana_2765,4326,44.31583,-18.03361,POINT (427584.3037171829 8005962.119704753),9,0,False,86.0,3.0,355.0,7783.0,9.0,18.0,6,8.0,0.0
perrieri_2768,4326,44.47222,-17.93972,POINT (444108.22822919185 8016404.290082602),9,0,False,226.0,7.0,256.0,7610.0,7.0,16.0,5,8.0,83.0
perrieri_2769,4326,44.56194,-18.11139,POINT (453654.65719434153 7997435.553621855),9,0,False,272.0,9.0,170.0,7307.0,7.0,6.0,5,8.0,68.0
dubardii_2773,4326,49.1725,-12.48778,POINT (953747.6487404744 8615930.454370154),9,0,False,751.0,14.0,262.0,7917.0,9.0,8.0,14,12.0,100.0
millotii_2795,4326,49.7904,-16.474388,POINT (1011809.5522510451 8172511.551373301),9,0,False,198.0,13.0,111.0,7457.0,10.0,11.0,14,2.0,84.0
resinosa_2803,4326,49.0,-17.0,POINT (926061.8652484254 8116091.631643504),9,0,False,908.0,18.0,148.0,7058.0,10.0,9.0,14,2.0,85.0
millotii_2806,4326,47.0,-23.0,POINT (704992.1724866081 7455081.895663038),9,0,False,544.0,5.0,201.0,7607.0,10.0,10.0,7,17.0,0.0
resinosa_2807,4326,47.0,-23.0,POINT (704992.1724866081 7455081.895663038),9,0,False,544.0,5.0,201.0,7607.0,10.0,10.0,7,17.0,0.0
resinosa_2809,4326,48.7,-13.58,POINT (900530.2787016315 8495683.113346167),9,0,False,40.0,7.0,292.0,7875.0,6.0,18.0,5,11.0,39.0
dubardii_2812,4326,49.7,-13.18,POINT (1009820.5473967544 8538182.939559158),9,0,False,171.0,8.0,36.0,7888.0,10.0,9.0,6,1.0,24.0
dubardii_2813,4326,49.7,-13.18,POINT (1009820.5473967544 8538182.939559158),9,0,False,171.0,8.0,36.0,7888.0,10.0,9.0,6,1.0,24.0
humbertii_2814,4326,44.58,-22.92,POINT (456932.1646449176 7465274.693208166),9,0,False,578.0,2.0,316.0,7581.0,6.0,16.0,6,6.0,0.0
