,specimen_id,"env_75_geo_Rock types (categ_vals: 1, 2, 4, 5, 6, 7, 9, 10, 11, 12, 13)","env_76_soi_Soil types (categ_vals: 1, 2, 3, 4, 5, 6, 7, 8, 9, 10, 11, 12, 13, 14, 15, 16, 17, 18, 19, 20, 21, 22, 23)","env_77_veg_Vegetation types (categ_vals: 1, 2, 3, 4, 5, 6, 7, 9, 10, 11, 12, 13, 14, 15, 16, 18, 19, 22, 23, 25)","env_78_wat_Watersheds (categ_vals: 1, 2, 3, 4, 5, 6, 7, 8, 9, 10, 11, 12, 13, 14, 15, 16, 17, 18, 19, 20, 21, 22, 23, 24, 25)"
0,abbayesii_0,10.0,6.0,7.0,6.0
1,abbayesii_1,10.0,9.0,14.0,5.0
2,abbayesii_2,10.0,9.0,14.0,5.0
3,abbayesii_3,10.0,10.0,7.0,5.0
4,abbayesii_4,10.0,9.0,14.0,5.0
5,abbayesii_5,10.0,10.0,7.0,5.0
6,abbayesii_6,10.0,9.0,14.0,5.0
7,abbayesii_7,10.0,9.0,14.0,5.0
8,abbayesii_8,,21.0,7.0,5.0
9,abbayesii_9,2.0,21.0,7.0,5.0
10,abbayesii_10,,,15.0,5.0
11,abbayesii_11,2.0,21.0,6.0,5.0
12,abbayesii_12,10.0,11.0,16.0,3.0
13,abbayesii_13,10.0,11.0,16.0,3.0
14,abbayesii_14,10.0,11.0,16.0,3.0
15,andrambovatensis_35,10.0,11.0,16.0,3.0
16,andrambovatensis_36,10.0,11.0,16.0,3.0
17,andrambovatensis_37,10.0,11.0,16.0,3.0
18,arenesiana_60,1.0,10.0,4.0,20.0
19,arenesiana_61,10.0,9.0,14.0,15.0
20,arenesiana_62,1.0,12.0,6.0,15.0
21,arenesiana_63,10.0,9.0,14.0,2.0
22,arenesiana_64,10.0,9.0,14.0,2.0
23,arenesiana_65,10.0,9.0,16.0,2.0
24,arenesiana_66,10.0,9.0,16.0,2.0
25,bertrandii_90,10.0,6.0,12.0,6.0
26,bertrandii_91,10.0,6.0,7.0,5.0
27,bertrandii_92,10.0,6.0,7.0,5.0
28,bertrandii_93,10.0,9.0,7.0,5.0
29,bertrandii_94,10.0,15.0,7.0,5.0
30,bertrandii_95,10.0,10.0,7.0,5.0
31,bertrandii_96,10.0,10.0,7.0,5.0
32,bertrandii_97,1.0,21.0,4.0,5.0
33,bertrandii_98,10.0,11.0,16.0,3.0
34,dubardii_974,9.0,18.0,5.0,8.0
35,dubardii_975,9.0,18.0,5.0,8.0
36,dubardii_976,9.0,18.0,5.0,8.0
37,dubardii_977,5.0,20.0,5.0,9.0
38,dubardii_978,5.0,20.0,3.0,9.0
39,dubardii_979,10.0,11.0,16.0,3.0
40,dubardii_980,10.0,11.0,16.0,3.0
41,dubardii_981,10.0,11.0,16.0,3.0
42,dubardii_982,7.0,22.0,7.0,13.0
43,dubardii_983,9.0,8.0,7.0,12.0
44,dubardii_984,7.0,22.0,2.0,13.0
45,dubardii_985,9.0,18.0,7.0,12.0
46,dubardii_986,7.0,22.0,5.0,13.0
47,dubardii_987,7.0,22.0,2.0,13.0
48,dubardii_988,9.0,8.0,7.0,12.0
49,dubardii_989,9.0,8.0,7.0,12.0
50,dubardii_990,9.0,8.0,7.0,12.0
51,dubardii_991,7.0,22.0,5.0,13.0
52,dubardii_992,7.0,22.0,5.0,13.0
53,dubardii_993,7.0,22.0,5.0,13.0
54,dubardii_994,7.0,22.0,5.0,13.0
55,dubardii_995,7.0,22.0,5.0,13.0
56,dubardii_996,7.0,22.0,5.0,13.0
57,dubardii_997,7.0,22.0,5.0,13.0
58,dubardii_998,7.0,22.0,5.0,13.0
59,dubardii_999,9.0,18.0,14.0,12.0
60,dubardii_1000,9.0,18.0,14.0,12.0
61,dubardii_1001,9.0,18.0,7.0,12.0
62,dubardii_1002,7.0,6.0,5.0,13.0
63,dubardii_1003,9.0,8.0,14.0,12.0
64,dubardii_1004,9.0,8.0,14.0,12.0
65,dubardii_1005,9.0,8.0,14.0,12.0
66,dubardii_1006,9.0,8.0,7.0,1.0
67,dubardii_1007,9.0,8.0,14.0,1.0
68,dubardii_1008,7.0,6.0,5.0,13.0
69,dubardii_1009,9.0,8.0,7.0,1.0
70,dubardii_1010,9.0,8.0,5.0,1.0
71,dubardii_1011,6.0,20.0,7.0,1.0
72,dubardii_1012,10.0,9.0,6.0,1.0
73,dubardii_1013,10.0,7.0,7.0,1.0
74,dubardii_1014,9.0,6.0,5.0,1.0
75,farafanganensis_1238,9.0,19.0,7.0,4.0
76,farafanganensis_1239,10.0,7.0,14.0,4.0
77,farafanganensis_1240,10.0,11.0,16.0,3.0
78,farafanganensis_1241,10.0,11.0,16.0,3.0
79,farafanganensis_1242,10.0,11.0,16.0,3.0
80,heimii_1305,10.0,12.0,6.0,19.0
81,heimii_1306,10.0,11.0,16.0,3.0
82,heimii_1307,10.0,11.0,16.0,3.0
83,heimii_1308,6.0,23.0,6.0,12.0
84,heimii_1309,,,25.0,
85,heimii_1310,,,25.0,
86,heimii_1311,9.0,8.0,7.0,1.0
87,heimii_1312,7.0,4.0,6.0,1.0
88,heimii_1313,7.0,23.0,7.0,1.0
89,heimii_1314,,,25.0,
90,heimii_1315,7.0,20.0,7.0,1.0
91,heimii_1316,,,25.0,
92,heimii_1317,6.0,20.0,5.0,1.0
93,heimii_1318,2.0,16.0,5.0,1.0
94,heimii_1319,6.0,23.0,7.0,1.0
95,heimii_1320,6.0,17.0,5.0,1.0
96,heimii_1321,6.0,17.0,5.0,1.0
97,heimii_1322,,,25.0,
98,heimii_1323,6.0,17.0,5.0,1.0
99,heimii_1324,6.0,17.0,6.0,1.0
100,heimii_1325,2.0,4.0,3.0,1.0
101,heimii_1326,,4.0,25.0,
102,heimii_1327,10.0,10.0,6.0,1.0
103,homollei_1332,10.0,11.0,16.0,3.0
104,homollei_1333,10.0,11.0,16.0,3.0
105,homollei_1334,10.0,11.0,14.0,2.0
106,homollei_1335,10.0,9.0,14.0,2.0
107,homollei_1336,10.0,9.0,14.0,2.0
108,homollei_1337,10.0,6.0,14.0,2.0
109,homollei_1338,10.0,11.0,16.0,2.0
110,homollei_1339,10.0,11.0,14.0,2.0
111,homollei_1340,10.0,11.0,14.0,2.0
112,humbertii_1342,,15.0,11.0,6.0
113,humbertii_1343,,3.0,6.0,6.0
114,humbertii_1344,,3.0,6.0,6.0
115,humbertii_1345,2.0,15.0,11.0,6.0
116,humbertii_1346,5.0,15.0,7.0,6.0
117,humbertii_1347,5.0,15.0,12.0,6.0
118,humbertii_1348,5.0,15.0,12.0,6.0
119,humbertii_1349,5.0,15.0,12.0,6.0
120,humbertii_1350,5.0,15.0,7.0,6.0
121,humbertii_1351,5.0,15.0,7.0,6.0
122,humbertii_1352,5.0,15.0,7.0,6.0
123,humbertii_1353,5.0,15.0,6.0,6.0
124,humbertii_1354,5.0,15.0,7.0,6.0
125,humbertii_1355,5.0,15.0,7.0,6.0
126,humbertii_1356,5.0,15.0,7.0,6.0
127,humbertii_1357,1.0,15.0,12.0,6.0
128,humbertii_1358,6.0,15.0,6.0,6.0
129,humbertii_1359,2.0,16.0,7.0,6.0
130,humbertii_1360,2.0,16.0,7.0,6.0
131,humbertii_1361,2.0,16.0,7.0,6.0
132,humbertii_1362,6.0,15.0,7.0,6.0
133,humbertii_1363,6.0,16.0,6.0,6.0
134,humbertii_1364,6.0,16.0,7.0,6.0
135,humbertii_1365,6.0,16.0,6.0,6.0
136,humbertii_1366,6.0,16.0,6.0,6.0
137,humbertii_1367,6.0,16.0,12.0,6.0
138,humbertii_1368,6.0,16.0,7.0,6.0
139,humbertii_1369,6.0,16.0,7.0,6.0
140,humbertii_1370,6.0,6.0,7.0,6.0
141,humbertii_1371,6.0,16.0,22.0,6.0
142,humbertii_1372,6.0,16.0,22.0,6.0
143,humbertii_1373,6.0,16.0,22.0,6.0
144,humbertii_1374,6.0,16.0,22.0,6.0
145,humbertii_1375,6.0,16.0,22.0,6.0
146,humbertii_1376,6.0,16.0,7.0,6.0
147,humbertii_1377,6.0,17.0,7.0,19.0
148,humbertii_1378,6.0,16.0,5.0,19.0
149,humblotiana_1379,,,,
150,humblotiana_1380,,,,
151,humblotiana_1381,,,,
152,humblotiana_1382,,,,
153,humblotiana_1383,,,,
154,humblotiana_1384,,,,
155,humblotiana_1385,,,,
156,humblotiana_1386,,,,
157,humblotiana_1387,,,,
158,humblotiana_1388,,,,
159,humblotiana_1389,,,,
160,humblotiana_1390,,,,
161,humblotiana_1391,10.0,11.0,16.0,3.0
162,humblotiana_1392,10.0,11.0,16.0,3.0
163,kianjavatensis_1469,10.0,11.0,16.0,3.0
164,kianjavatensis_1470,10.0,11.0,16.0,3.0
165,kianjavatensis_1471,10.0,11.0,16.0,3.0
166,kianjavatensis_1472,10.0,11.0,16.0,3.0
167,lancifolia_1499,10.0,11.0,16.0,3.0
168,lancifolia_1500,10.0,11.0,16.0,2.0
169,lancifolia_1501,10.0,11.0,16.0,2.0
170,leroyi_1598,5.0,15.0,7.0,6.0
171,leroyi_1599,10.0,10.0,16.0,3.0
172,leroyi_1600,10.0,11.0,16.0,3.0
173,leroyi_1601,10.0,11.0,16.0,3.0
174,leroyi_1602,10.0,11.0,16.0,3.0
175,leroyi_1603,10.0,9.0,14.0,2.0
176,leroyi_1604,10.0,9.0,4.0,2.0
177,leroyi_1605,10.0,9.0,16.0,2.0
178,leroyi_1606,10.0,9.0,14.0,14.0
179,leroyi_1607,10.0,9.0,6.0,14.0
180,leroyi_1608,10.0,9.0,14.0,14.0
181,leroyi_1609,10.0,9.0,16.0,2.0
182,leroyi_1610,10.0,9.0,14.0,2.0
183,leroyi_1611,10.0,9.0,14.0,2.0
184,millotii_2668,10.0,10.0,7.0,17.0
185,millotii_2669,10.0,11.0,16.0,3.0
186,millotii_2670,10.0,11.0,16.0,3.0
187,millotii_2671,10.0,11.0,16.0,3.0
188,millotii_2672,10.0,11.0,16.0,3.0
189,millotii_2673,10.0,11.0,16.0,3.0
190,millotii_2674,10.0,11.0,16.0,3.0
191,millotii_2675,10.0,11.0,16.0,3.0
192,millotii_2676,10.0,11.0,4.0,3.0
193,millotii_2677,10.0,9.0,14.0,2.0
194,millotii_2678,10.0,9.0,14.0,2.0
195,millotii_2679,11.0,7.0,14.0,2.0
196,millotii_2680,11.0,7.0,14.0,2.0
197,millotii_2681,10.0,11.0,14.0,2.0
198,millotii_2682,10.0,11.0,16.0,2.0
199,millotii_2683,10.0,11.0,16.0,2.0
200,millotii_2684,10.0,11.0,4.0,2.0
201,millotii_2685,10.0,11.0,16.0,2.0
202,millotii_2686,10.0,11.0,16.0,2.0
203,millotii_2687,10.0,9.0,14.0,2.0
204,millotii_2688,10.0,10.0,4.0,2.0
205,millotii_2689,10.0,9.0,14.0,1.0
206,millotii_2690,1.0,21.0,4.0,2.0
207,millotii_2691,,,25.0,
208,millotii_2692,,6.0,14.0,
209,millotii_2693,,6.0,14.0,
210,millotii_2694,,6.0,14.0,
211,millotii_2695,10.0,11.0,14.0,2.0
212,millotii_2696,10.0,11.0,14.0,2.0
213,millotii_2697,10.0,9.0,14.0,14.0
214,millotii_2698,1.0,,25.0,2.0
215,millotii_2699,10.0,9.0,14.0,2.0
216,millotii_2700,10.0,10.0,16.0,2.0
217,millotii_2701,10.0,11.0,14.0,2.0
218,millotii_2702,10.0,11.0,14.0,2.0
219,millotii_2703,9.0,10.0,14.0,2.0
220,millotii_2704,10.0,11.0,16.0,2.0
221,millotii_2705,10.0,10.0,14.0,2.0
222,perrieri_3040,2.0,16.0,5.0,8.0
223,perrieri_3041,9.0,18.0,22.0,6.0
224,perrieri_3042,9.0,18.0,9.0,6.0
225,perrieri_3043,9.0,18.0,7.0,6.0
226,perrieri_3044,7.0,16.0,4.0,6.0
227,perrieri_3045,7.0,18.0,6.0,6.0
228,perrieri_3046,7.0,18.0,6.0,6.0
229,perrieri_3047,9.0,18.0,6.0,8.0
230,perrieri_3048,7.0,16.0,5.0,8.0
231,perrieri_3049,7.0,16.0,5.0,8.0
232,perrieri_3050,7.0,6.0,5.0,8.0
233,perrieri_3051,7.0,6.0,5.0,8.0
234,perrieri_3052,7.0,6.0,5.0,8.0
235,perrieri_3053,7.0,6.0,5.0,8.0
236,perrieri_3054,7.0,5.0,7.0,8.0
237,perrieri_3055,2.0,16.0,6.0,8.0
238,perrieri_3056,6.0,22.0,22.0,18.0
239,perrieri_3057,6.0,18.0,6.0,18.0
240,perrieri_3058,6.0,22.0,23.0,18.0
241,perrieri_3059,7.0,20.0,7.0,8.0
242,perrieri_3060,7.0,20.0,5.0,8.0
243,perrieri_3061,7.0,20.0,1.0,8.0
244,perrieri_3062,7.0,20.0,5.0,8.0
245,perrieri_3063,7.0,6.0,4.0,8.0
246,perrieri_3064,7.0,6.0,4.0,8.0
247,perrieri_3065,9.0,22.0,7.0,6.0
248,perrieri_3066,9.0,22.0,12.0,6.0
249,perrieri_3067,9.0,6.0,12.0,6.0
250,perrieri_3068,10.0,18.0,7.0,6.0
251,perrieri_3069,10.0,6.0,12.0,5.0
252,perrieri_3070,10.0,6.0,12.0,6.0
253,perrieri_3071,10.0,6.0,12.0,6.0
254,perrieri_3072,10.0,6.0,12.0,6.0
255,perrieri_3073,10.0,6.0,12.0,6.0
256,perrieri_3074,10.0,6.0,12.0,6.0
257,perrieri_3075,10.0,6.0,7.0,5.0
258,perrieri_3076,10.0,6.0,12.0,6.0
259,perrieri_3077,10.0,22.0,7.0,17.0
260,perrieri_3078,6.0,18.0,6.0,20.0
261,perrieri_3079,6.0,16.0,2.0,9.0
262,perrieri_3080,10.0,11.0,16.0,3.0
263,perrieri_3081,10.0,11.0,16.0,3.0
264,perrieri_3082,10.0,9.0,16.0,14.0
265,pervilleana_3083,9.0,18.0,7.0,8.0
266,pervilleana_3084,9.0,18.0,7.0,8.0
267,pervilleana_3085,9.0,18.0,6.0,8.0
268,pervilleana_3086,9.0,18.0,6.0,8.0
269,pervilleana_3087,9.0,18.0,6.0,8.0
270,pervilleana_3088,9.0,18.0,6.0,8.0
271,pervilleana_3089,9.0,18.0,6.0,8.0
272,pervilleana_3090,2.0,16.0,6.0,8.0
273,pervilleana_3091,6.0,16.0,6.0,8.0
274,pervilleana_3092,7.0,16.0,5.0,8.0
275,pervilleana_3093,7.0,6.0,5.0,8.0
276,pervilleana_3094,7.0,6.0,5.0,8.0
277,pervilleana_3095,7.0,6.0,5.0,8.0
278,pervilleana_3096,7.0,6.0,6.0,8.0
279,pervilleana_3097,7.0,22.0,6.0,8.0
280,pervilleana_3098,7.0,20.0,5.0,8.0
281,pervilleana_3099,7.0,20.0,7.0,8.0
282,pervilleana_3100,10.0,12.0,6.0,19.0
283,pervilleana_3101,6.0,18.0,5.0,20.0
284,pervilleana_3102,10.0,11.0,16.0,3.0
285,pervilleana_3103,10.0,11.0,16.0,3.0
286,pervilleana_3104,7.0,13.0,7.0,24.0
287,pervilleana_3105,,,25.0,
288,pervilleana_3106,,,25.0,
289,pervilleana_3107,,,25.0,
290,pervilleana_3108,,,25.0,
291,pervilleana_3109,10.0,6.0,5.0,
292,pervilleana_3110,10.0,,25.0,
293,pervilleana_3111,6.0,19.0,7.0,11.0
294,pervilleana_3112,9.0,8.0,7.0,12.0
295,pervilleana_3113,6.0,20.0,7.0,1.0
296,resinosa_3306,10.0,10.0,7.0,17.0
297,resinosa_3307,9.0,19.0,16.0,4.0
298,resinosa_3308,9.0,12.0,15.0,4.0
299,resinosa_3309,9.0,12.0,15.0,4.0
300,resinosa_3310,9.0,12.0,15.0,4.0
301,resinosa_3311,9.0,12.0,15.0,4.0
302,resinosa_3312,9.0,12.0,15.0,4.0
303,resinosa_3313,9.0,21.0,15.0,4.0
304,resinosa_3314,9.0,21.0,15.0,4.0
305,resinosa_3315,9.0,21.0,16.0,4.0
306,resinosa_3316,10.0,7.0,14.0,4.0
307,resinosa_3317,9.0,21.0,4.0,4.0
308,resinosa_3318,2.0,,16.0,4.0
309,resinosa_3319,2.0,,16.0,4.0
310,resinosa_3320,9.0,,15.0,4.0
311,resinosa_3321,2.0,,16.0,
312,resinosa_3322,2.0,,16.0,
313,resinosa_3323,9.0,21.0,7.0,4.0
314,resinosa_3324,9.0,21.0,16.0,4.0
315,resinosa_3325,2.0,,6.0,4.0
316,resinosa_3326,2.0,,6.0,4.0
317,resinosa_3327,2.0,,6.0,4.0
318,resinosa_3328,10.0,11.0,16.0,3.0
319,resinosa_3329,10.0,7.0,14.0,2.0
320,resinosa_3330,2.0,21.0,16.0,3.0
321,resinosa_3331,,21.0,16.0,3.0
322,resinosa_3332,2.0,21.0,15.0,3.0
323,resinosa_3333,2.0,21.0,15.0,3.0
324,resinosa_3334,2.0,21.0,16.0,3.0
325,resinosa_3335,6.0,19.0,16.0,3.0
326,resinosa_3336,1.0,21.0,16.0,3.0
327,resinosa_3337,1.0,21.0,16.0,3.0
328,resinosa_3338,6.0,18.0,5.0,11.0
329,resinosa_3339,10.0,9.0,14.0,2.0
330,resinosa_3340,6.0,19.0,6.0,2.0
331,resinosa_3341,6.0,19.0,6.0,2.0
332,resinosa_3342,6.0,21.0,16.0,2.0
333,resinosa_3343,6.0,21.0,16.0,2.0
334,resinosa_3344,9.0,8.0,14.0,12.0
335,resinosa_3345,2.0,21.0,15.0,2.0
336,resinosa_3346,2.0,21.0,15.0,2.0
337,resinosa_3347,2.0,,16.0,2.0
338,resinosa_3348,10.0,12.0,16.0,2.0
339,resinosa_3349,10.0,12.0,16.0,2.0
340,resinosa_3350,10.0,21.0,16.0,2.0
341,resinosa_3351,10.0,10.0,16.0,2.0
342,resinosa_3352,1.0,21.0,15.0,2.0
343,resinosa_3353,1.0,21.0,15.0,2.0
344,resinosa_3354,1.0,21.0,16.0,2.0
345,resinosa_3355,1.0,19.0,16.0,2.0
346,resinosa_3356,10.0,9.0,14.0,1.0
347,resinosa_3357,10.0,9.0,14.0,1.0
348,resinosa_3358,1.0,21.0,16.0,2.0
349,resinosa_3359,1.0,21.0,16.0,2.0
350,resinosa_3360,1.0,19.0,16.0,2.0
351,resinosa_3361,1.0,21.0,16.0,2.0
352,resinosa_3362,10.0,12.0,16.0,2.0
353,resinosa_3363,,,25.0,
354,resinosa_3364,,11.0,16.0,2.0
355,resinosa_3365,1.0,21.0,16.0,2.0
356,resinosa_3366,1.0,21.0,16.0,2.0
357,resinosa_3367,1.0,21.0,16.0,2.0
358,resinosa_3368,,21.0,16.0,2.0
359,resinosa_3369,1.0,21.0,25.0,2.0
360,resinosa_3370,1.0,21.0,25.0,2.0
361,resinosa_3371,1.0,21.0,16.0,2.0
362,resinosa_3372,1.0,21.0,25.0,2.0
363,resinosa_3373,10.0,12.0,7.0,2.0
364,resinosa_3374,10.0,21.0,7.0,2.0
365,resinosa_3375,10.0,10.0,14.0,2.0
366,resinosa_3376,2.0,21.0,7.0,2.0
367,richardii_3405,10.0,11.0,16.0,3.0
368,richardii_3406,10.0,11.0,16.0,3.0
369,richardii_3407,10.0,10.0,7.0,2.0
370,richardii_3408,10.0,10.0,14.0,2.0
371,richardii_3409,10.0,9.0,14.0,2.0
372,richardii_3410,10.0,11.0,16.0,2.0
373,richardii_3411,10.0,10.0,1.0,2.0
374,richardii_3412,10.0,10.0,16.0,2.0
375,richardii_3413,2.0,21.0,15.0,2.0
376,richardii_3414,2.0,,16.0,2.0
377,richardii_3415,2.0,,16.0,2.0
378,richardii_3416,2.0,,16.0,2.0
379,richardii_3417,10.0,10.0,16.0,2.0
380,richardii_3418,10.0,11.0,16.0,2.0
381,richardii_3419,10.0,10.0,16.0,2.0
382,richardii_3420,10.0,10.0,16.0,2.0
383,richardii_3421,10.0,10.0,16.0,2.0
384,richardii_3422,10.0,10.0,16.0,2.0
385,richardii_3423,10.0,11.0,16.0,2.0
386,richardii_3424,10.0,12.0,16.0,2.0
387,richardii_3425,10.0,21.0,16.0,2.0
388,richardii_3426,1.0,21.0,15.0,2.0
389,richardii_3427,10.0,10.0,4.0,2.0
390,richardii_3428,10.0,10.0,16.0,2.0
391,richardii_3429,10.0,10.0,16.0,2.0
392,richardii_3430,10.0,10.0,16.0,2.0
393,richardii_3431,10.0,19.0,14.0,2.0
394,richardii_3432,10.0,19.0,16.0,2.0
395,richardii_3433,,,25.0,
396,richardii_3434,,,25.0,
397,richardii_3435,,,25.0,
398,richardii_3436,1.0,19.0,13.0,
399,richardii_3437,,21.0,16.0,2.0
400,richardii_3438,10.0,9.0,14.0,2.0
401,richardii_3439,10.0,9.0,14.0,2.0
402,richardii_3440,10.0,10.0,16.0,1.0
403,richardii_3441,10.0,10.0,16.0,1.0
404,richardii_3442,10.0,6.0,14.0,1.0
405,richardii_3443,10.0,6.0,14.0,1.0
406,richardii_3444,10.0,6.0,14.0,1.0
407,richardii_3445,10.0,6.0,14.0,1.0
408,richardii_3446,10.0,6.0,14.0,1.0
409,tetragona_3606,9.0,18.0,6.0,8.0
410,tetragona_3607,9.0,18.0,6.0,8.0
411,tetragona_3608,9.0,18.0,6.0,8.0
412,tetragona_3609,9.0,18.0,6.0,8.0
413,tetragona_3610,6.0,16.0,6.0,8.0
414,tetragona_3611,7.0,16.0,6.0,8.0
415,tetragona_3612,7.0,16.0,6.0,8.0
416,tetragona_3613,7.0,16.0,5.0,8.0
417,tetragona_3614,6.0,16.0,5.0,9.0
418,tetragona_3615,10.0,10.0,16.0,3.0
419,tetragona_3616,10.0,11.0,16.0,3.0
420,tetragona_3617,6.0,18.0,7.0,10.0
421,tetragona_3618,6.0,18.0,14.0,10.0
422,tetragona_3619,6.0,18.0,5.0,22.0
423,tetragona_3620,10.0,9.0,14.0,22.0
424,tsirananae_3690,10.0,11.0,16.0,3.0
425,tsirananae_3691,7.0,22.0,5.0,13.0
426,tsirananae_3692,7.0,22.0,2.0,13.0
427,tsirananae_3693,7.0,22.0,5.0,13.0
428,tsirananae_3694,7.0,22.0,2.0,12.0
429,tsirananae_3695,,23.0,25.0,
430,tsirananae_3696,7.0,23.0,6.0,12.0
431,tsirananae_3697,7.0,23.0,7.0,12.0
432,tsirananae_3698,6.0,23.0,5.0,12.0
433,tsirananae_3699,6.0,23.0,6.0,12.0
434,tsirananae_3700,9.0,8.0,7.0,1.0
435,tsirananae_3701,,23.0,25.0,
436,tsirananae_3702,9.0,17.0,6.0,12.0
437,tsirananae_3703,7.0,17.0,6.0,12.0
438,tsirananae_3704,7.0,17.0,6.0,12.0
439,tsirananae_3705,9.0,8.0,7.0,1.0
440,tsirananae_3706,1.0,4.0,6.0,1.0
441,tsirananae_3707,9.0,8.0,7.0,1.0
442,tsirananae_3708,9.0,23.0,6.0,1.0
443,tsirananae_3709,9.0,4.0,13.0,1.0
444,tsirananae_3710,,4.0,25.0,12.0
445,tsirananae_3711,,,25.0,
446,tsirananae_3712,7.0,23.0,6.0,1.0
447,tsirananae_3713,6.0,20.0,6.0,1.0
448,tsirananae_3714,,,25.0,
449,tsirananae_3715,6.0,23.0,7.0,1.0
450,tsirananae_3716,5.0,23.0,5.0,1.0
451,tsirananae_3717,7.0,4.0,25.0,
452,tsirananae_3718,6.0,20.0,7.0,1.0
453,tsirananae_3719,6.0,20.0,5.0,1.0
454,tsirananae_3720,6.0,20.0,5.0,1.0
455,tsirananae_3721,7.0,16.0,6.0,1.0
456,tsirananae_3722,6.0,20.0,5.0,1.0
457,tsirananae_3723,6.0,20.0,5.0,1.0
458,tsirananae_3724,5.0,23.0,5.0,1.0
459,tsirananae_3725,,,25.0,
460,tsirananae_3726,2.0,,25.0,1.0
461,tsirananae_3727,5.0,23.0,5.0,1.0
462,tsirananae_3728,,,25.0,
463,vatovavyensis_3729,10.0,11.0,16.0,3.0
464,vatovavyensis_3730,10.0,11.0,16.0,3.0
465,vianneyi_3732,10.0,11.0,16.0,3.0
466,vianneyi_3733,10.0,11.0,16.0,3.0
467,vianneyi_3734,10.0,11.0,16.0,3.0
