,0,1,2,3,4,5,6,7,8,9,10,11,12,13,14,15,16,17,18
0,0.0,835.5004024892194,339.9079711660935,30.906271839070108,615.5011050026201,641.9714979229856,364.87888405968897,965.152361442411,340.2807410619923,454.9702748157034,533.3838691615591,340.04277307280313,1330.628313172796,876.679911000028,339.98319159599265,273.5809843150912,824.9810614935292,1266.182296007894,1148.4279052766435
1,835.5004024892194,0.0,495.7549177722082,812.5865499939698,221.16885443089373,198.95060283395367,627.687681121154,146.63512300913135,495.38239504268546,381.43718415060647,313.978487798855,495.6503025757842,514.2188343930954,329.8193457397348,495.6845156375131,859.7590780427844,399.50468773553746,447.7392240271595,364.3083324890562
2,339.9079711660935,495.7549177722082,0.0,317.9260624834091,275.6167792817635,302.61957061487675,258.50054366641467,625.9707034424918,0.37277223128607256,117.99673219176793,198.5180655493544,0.730385475364365,993.3917018775212,571.5428641365427,0.13971889904858684,415.1505574162375,542.4791089588023,928.3929386164009,815.2379778803844
3,30.906271839070108,812.5865499939698,317.9260624834091,0.0,593.3690241860828,620.5227147604545,363.8539208333848,943.8729731438078,318.2979314011541,431.3860078466528,513.5488001956691,318.1080455322812,1310.5650009777255,863.3522709544054,318.0088995101107,293.3255861805788,814.5910851066321,1245.8292568113486,1129.836542192657
4,615.5011050026201,221.16885443089373,275.6167792817635,593.3690241860828,0.0,32.996448113253145,424.4964322139701,351.34423380404087,275.24409062912997,165.28225572364875,98.98728822469604,275.4710337715593,720.8566147672173,367.2699423333788,275.53954070422105,646.7473546156739,383.3576638932733,655.255039016817,549.4573837276944
5,641.9714979229856,198.95060283395367,302.61957061487675,620.5227147604545,32.996448113253145,0.0,435.28365457978305,323.35251838853105,302.24820540900777,195.52708216957708,115.08391629759802,302.4270597048654,691.5998927007939,336.059470445545,302.534852109837,662.6388502738744,356.2182637956618,626.2688696429358,518.2195533182096
6,364.87888405968897,627.687681121154,258.50054366641467,363.8539208333848,424.4964322139701,435.28365457978305,0.0,723.5434073631933,258.60634800511286,335.0289850431942,325.8486301768929,257.84894708423633,1060.1873566862248,555.830145571177,258.40855073209514,242.1139599367523,485.70932481548243,1000.755435925611,866.5166431312333
7,965.152361442411,146.63512300913135,625.9707034424918,943.8729731438078,351.34423380404087,323.35251838853105,723.5434073631933,0.0,625.599267793087,516.2381572356192,433.35973920153157,625.7793020514089,370.84779177236607,295.954803625385,625.8862164130269,962.899527979818,388.79702238806556,304.73016308139614,219.27106578450238
8,340.2807410619923,495.38239504268546,0.37277223128607256,318.2979314011541,275.24409062912997,302.24820540900777,258.60634800511286,625.599267793087,0.0,117.63610613877955,198.1606128749837,0.7578801212677789,993.0230416319799,571.230409159242,0.3205102243806967,415.43279060890706,542.2062357130815,928.0235049176953,814.8759078345691
9,454.9702748157034,381.43718415060647,117.99673219176793,431.3860078466528,165.28225572364875,195.52708216957708,335.0289850431942,516.2381572356192,117.63610613877955,0.0,114.98239386532018,118.05337538194286,886.1104328130832,499.7590003371656,117.95428983864362,523.6455356356549,489.42609063319946,820.4491947075256,713.6435243281506
10,533.3838691615591,313.978487798855,198.5180655493544,513.5488001956691,98.98728822469604,115.08391629759802,325.8486301768929,433.35973920153157,198.1606128749837,114.98239386532018,0.0,198.1893665148336,797.2514227083335,385.44145166078386,198.41291583285872,548.4809061594918,375.31143537823374,732.8337584563852,617.0125878137678
11,340.04277307280313,495.6503025757842,0.730385475364365,318.1080455322812,275.4710337715593,302.4270597048654,257.84894708423633,625.7793020514089,0.7578801212677789,118.05337538194286,198.1893665148336,0.0,993.15549113098,571.0411568822302,0.6031020335410772,414.78106602924606,541.8936510196345,928.1669533066661,814.9396420362948
12,1330.628313172796,514.2188343930954,993.3917018775212,1310.5650009777255,720.8566147672173,691.5998927007939,1060.1873566862248,370.84779177236607,993.0230416319799,886.1104328130832,797.2514227083335,993.15549113098,0.0,529.0889478119349,993.3002713051434,1302.299682703628,625.4658923172746,66.50925496094295,196.13796531271484
13,876.679911000028,329.8193457397348,571.5428641365427,863.3522709544054,367.2699423333788,336.059470445545,555.830145571177,295.954803625385,571.230409159242,499.7590003371656,385.44145166078386,571.0411568822302,529.0889478119349,0.0,571.4158296590892,794.11186029233,100.1945103668569,478.79397876888305,333.8561954191707
14,339.98319159599265,495.6845156375131,0.13971889904858684,318.0088995101107,275.53954070422105,302.534852109837,258.40855073209514,625.8862164130269,0.3205102243806967,117.95428983864362,198.41291583285872,0.6031020335410772,993.3002713051434,571.4158296590892,0.0,415.13005897085327,542.3439699212922,928.3030748251442,815.1372764142607
15,273.5809843150912,859.7590780427844,415.1505574162375,293.3255861805788,646.7473546156739,662.6388502738744,242.1139599367523,962.899527979818,415.43279060890706,523.6455356356549,548.4809061594918,414.78106602924606,1302.299682703628,794.11186029233,415.13005897085327,0.0,717.8830330838499,1242.8081341354402,1108.5040061298155
16,824.9810614935292,399.50468773553746,542.4791089588023,814.5910851066321,383.3576638932733,356.2182637956618,485.70932481548243,388.79702238806556,542.2062357130815,489.42609063319946,375.31143537823374,541.8936510196345,625.4658923172746,100.1945103668569,542.3439699212922,717.8830330838499,0.0,577.075281755498,431.5143523010343
17,1266.182296007894,447.7392240271595,928.3929386164009,1245.8292568113486,655.255039016817,626.2688696429358,1000.755435925611,304.73016308139614,928.0235049176953,820.4491947075256,732.8337584563852,928.1669533066661,66.50925496094295,478.79397876888305,928.3030748251442,1242.8081341354402,577.075281755498,0.0,145.8949337626655
18,1148.4279052766435,364.3083324890562,815.2379778803844,1129.836542192657,549.4573837276944,518.2195533182096,866.5166431312333,219.27106578450238,814.8759078345691,713.6435243281506,617.0125878137678,814.9396420362948,196.13796531271484,333.8561954191707,815.1372764142607,1108.5040061298155,431.5143523010343,145.8949337626655,0.0
